﻿ElementId,Category,LOD_Stage,loin_pass,missing_list
﻿1664302,Cable Trays,LOD350,1,
﻿1664315,Cable Trays,LOD350,1,
﻿1664326,Cable Trays,LOD350,0,Model:missing
﻿1664337,Cable Trays,LOD350,1,
﻿1664348,Cable Trays,LOD350,1,
﻿1666346,Cable Trays,LOD350,1,
﻿1666347,Cable Trays,LOD350,1,
﻿1666348,Cable Trays,LOD350,0,Model:missing
﻿1666349,Cable Trays,LOD350,1,
﻿1666350,Cable Trays,LOD350,1,
﻿1666427,Cable Trays,LOD350,1,
﻿1666428,Cable Trays,LOD350,1,
﻿1666429,Cable Trays,LOD350,0,Model:missing
﻿1666430,Cable Trays,LOD350,1,
﻿1666431,Cable Trays,LOD350,1,
﻿1666513,Cable Trays,LOD350,1,
﻿1666514,Cable Trays,LOD350,1,
﻿1666515,Cable Trays,LOD350,0,Model:missing
﻿1666516,Cable Trays,LOD350,1,
﻿1666517,Cable Trays,LOD350,1,
﻿1666599,Cable Trays,LOD350,1,
﻿1666600,Cable Trays,LOD350,1,
﻿1666601,Cable Trays,LOD350,0,Model:missing
﻿1666602,Cable Trays,LOD350,1,
﻿1666603,Cable Trays,LOD350,1,
﻿1666661,Cable Trays,LOD350,1,
﻿1666689,Cable Trays,LOD350,1,
﻿1666715,Cable Trays,LOD350,1,
﻿1666782,Cable Trays,LOD350,1,
﻿1666783,Cable Trays,LOD350,1,
﻿1666784,Cable Trays,LOD350,0,Model:missing
﻿1666785,Cable Trays,LOD350,1,
﻿1666786,Cable Trays,LOD350,1,
﻿1666801,Cable Trays,LOD350,1,
﻿1666809,Cable Trays,LOD350,1,
﻿1666845,Cable Trays,LOD350,1,
﻿1666846,Cable Trays,LOD350,1,
﻿1666847,Cable Trays,LOD350,0,Model:missing
﻿1666848,Cable Trays,LOD350,1,
﻿1666849,Cable Trays,LOD350,1,
﻿1666898,Cable Trays,LOD350,1,
﻿1666899,Cable Trays,LOD350,1,
﻿1666900,Cable Trays,LOD350,0,Model:missing
﻿1666901,Cable Trays,LOD350,1,
﻿1666902,Cable Trays,LOD350,1,
﻿1667060,Cable Trays,LOD350,1,
﻿1667097,Cable Trays,LOD350,0,Service Type:not_allowed
﻿1667119,Cable Trays,LOD350,0,Service Type:not_allowed
﻿1667143,Cable Trays,LOD350,1,
﻿1663952,Ducts,LOD350,1,
﻿1663980,Ducts,LOD350,1,
﻿1664007,Ducts,LOD350,0,Type Mark:regex_fail
﻿1666323,Ducts,LOD350,1,
﻿1666324,Ducts,LOD350,1,
﻿1666325,Ducts,LOD350,0,Type Mark:regex_fail
﻿1666407,Ducts,LOD350,1,
﻿1666408,Ducts,LOD350,1,
﻿1666409,Ducts,LOD350,0,Type Mark:regex_fail
﻿1666493,Ducts,LOD350,1,
﻿1666494,Ducts,LOD350,1,
﻿1666495,Ducts,LOD350,0,Type Mark:regex_fail
﻿1666579,Ducts,LOD350,1,
﻿1666580,Ducts,LOD350,1,
﻿1666581,Ducts,LOD350,0,Type Mark:regex_fail
﻿1666658,Ducts,LOD350,0,Type Mark:regex_fail
﻿1666686,Ducts,LOD350,0,Type Mark:regex_fail
﻿1666712,Ducts,LOD350,0,Type Mark:regex_fail
﻿1666759,Ducts,LOD350,1,
﻿1666760,Ducts,LOD350,1,
﻿1666761,Ducts,LOD350,0,Type Mark:regex_fail
﻿1666798,Ducts,LOD350,1,
﻿1666806,Ducts,LOD350,1,
﻿1666825,Ducts,LOD350,1,
﻿1666826,Ducts,LOD350,1,
﻿1666827,Ducts,LOD350,0,Type Mark:regex_fail
﻿1666878,Ducts,LOD350,1,
﻿1666879,Ducts,LOD350,1,
﻿1666880,Ducts,LOD350,0,Type Mark:regex_fail
﻿1666987,Ducts,LOD350,0,Insulation Thickness:lt_min
﻿1667026,Ducts,LOD350,0,Insulation Thickness:lt_min
﻿1663903,Floors,LOD350,1,
﻿1664032,Floors,LOD350,1,
﻿1666313,Floors,LOD350,1,
﻿1666328,Floors,LOD350,1,
﻿1666397,Floors,LOD350,1,
﻿1666412,Floors,LOD350,1,
﻿1666483,Floors,LOD350,1,
﻿1666498,Floors,LOD350,1,
﻿1666569,Floors,LOD350,1,
﻿1666584,Floors,LOD350,1,
﻿1666749,Floors,LOD350,1,
﻿1666764,Floors,LOD350,1,
﻿1666815,Floors,LOD350,1,
﻿1666830,Floors,LOD350,1,
﻿1666868,Floors,LOD350,1,
﻿1666883,Floors,LOD350,1,
﻿1664105,Pipes,LOD350,1,
﻿1664123,Pipes,LOD350,0,Insulation Thickness:lt_min
﻿1664143,Pipes,LOD350,0,Insulation Thickness:lt_min
﻿1664157,Pipes,LOD350,1,
﻿1664173,Pipes,LOD350,1,
﻿1666336,Pipes,LOD350,1,
﻿1666338,Pipes,LOD350,0,Insulation Thickness:lt_min
﻿1666340,Pipes,LOD350,0,Insulation Thickness:lt_min
﻿1666342,Pipes,LOD350,1,
﻿1666344,Pipes,LOD350,1,
﻿1666417,Pipes,LOD350,1,
﻿1666419,Pipes,LOD350,0,Insulation Thickness:lt_min
﻿1666421,Pipes,LOD350,0,Insulation Thickness:lt_min
﻿1666423,Pipes,LOD350,1,
﻿1666425,Pipes,LOD350,1,
﻿1666503,Pipes,LOD350,1,
﻿1666505,Pipes,LOD350,0,Insulation Thickness:lt_min
﻿1666507,Pipes,LOD350,0,Insulation Thickness:lt_min
﻿1666509,Pipes,LOD350,1,
﻿1666511,Pipes,LOD350,1,
﻿1666589,Pipes,LOD350,1,
﻿1666591,Pipes,LOD350,0,Insulation Thickness:lt_min
﻿1666593,Pipes,LOD350,0,Insulation Thickness:lt_min
﻿1666595,Pipes,LOD350,1,
﻿1666597,Pipes,LOD350,1,
﻿1666659,Pipes,LOD350,1,
﻿1666687,Pipes,LOD350,1,
﻿1666713,Pipes,LOD350,1,
﻿1666772,Pipes,LOD350,1,
﻿1666774,Pipes,LOD350,0,Insulation Thickness:lt_min
﻿1666776,Pipes,LOD350,0,Insulation Thickness:lt_min
﻿1666778,Pipes,LOD350,1,
﻿1666780,Pipes,LOD350,1,
﻿1666799,Pipes,LOD350,1,
﻿1666807,Pipes,LOD350,1,
﻿1666835,Pipes,LOD350,1,
﻿1666837,Pipes,LOD350,0,Insulation Thickness:lt_min
﻿1666839,Pipes,LOD350,0,Insulation Thickness:lt_min
﻿1666841,Pipes,LOD350,1,
﻿1666843,Pipes,LOD350,1,
﻿1666888,Pipes,LOD350,1,
﻿1666890,Pipes,LOD350,0,Insulation Thickness:lt_min
﻿1666892,Pipes,LOD350,0,Insulation Thickness:lt_min
﻿1666894,Pipes,LOD350,1,
﻿1666896,Pipes,LOD350,1,
﻿1667162,Pipes,LOD350,0,Insulation Thickness:lt_min
﻿1667184,Pipes,LOD350,0,Insulation Thickness:lt_min
﻿1663926,Walls,LOD350,1,
﻿1663930,Walls,LOD350,1,
﻿1663934,Walls,LOD350,1,
﻿1663938,Walls,LOD350,1,
﻿1666319,Walls,LOD350,1,
﻿1666320,Walls,LOD350,1,
﻿1666321,Walls,LOD350,1,
﻿1666322,Walls,LOD350,1,
﻿1666403,Walls,LOD350,1,
﻿1666404,Walls,LOD350,1,
﻿1666405,Walls,LOD350,1,
﻿1666406,Walls,LOD350,1,
﻿1666489,Walls,LOD350,1,
﻿1666490,Walls,LOD350,1,
﻿1666491,Walls,LOD350,1,
﻿1666492,Walls,LOD350,1,
﻿1666575,Walls,LOD350,1,
﻿1666576,Walls,LOD350,1,
﻿1666577,Walls,LOD350,1,
﻿1666578,Walls,LOD350,1,
﻿1666657,Walls,LOD350,1,
﻿1666685,Walls,LOD350,1,
﻿1666711,Walls,LOD350,1,
﻿1666755,Walls,LOD350,1,
﻿1666756,Walls,LOD350,1,
﻿1666757,Walls,LOD350,1,
﻿1666758,Walls,LOD350,1,
﻿1666797,Walls,LOD350,1,
﻿1666805,Walls,LOD350,1,
﻿1666821,Walls,LOD350,1,
﻿1666822,Walls,LOD350,1,
﻿1666823,Walls,LOD350,1,
﻿1666824,Walls,LOD350,1,
﻿1666874,Walls,LOD350,1,
﻿1666875,Walls,LOD350,1,
﻿1666876,Walls,LOD350,1,
﻿1666877,Walls,LOD350,1,
