﻿ElementId,Category,Type Name,Level,ApprovedLabel,MissingList,Assembly Code,ConnCount,ConnSizes_m,Default Thickness,Description,EndX_m,EndY_m,EndZ_m,Fire Rating,Insulation Thickness,Length_m,Lining Thickness,Material,Model,Service Type,StartX_m,StartY_m,StartZ_m,Structural,SurfaceArea_m2,System Type,Type Mark,Volume_m3,Width,is_missing_Assembly Code,is_missing_Default Thickness,is_missing_Description,is_missing_Insulation Thickness,is_missing_Lining Thickness,is_missing_Material,is_missing_Model,is_missing_Service Type,is_missing_Structural,is_missing_System Type,is_missing_Type Mark,is_missing_Width
﻿1664302,Cable Trays,Ladder Cable Tray,L1,Pass,,CT-123,2,,,,-15.242477252441958,3.3435165573531793,2.7500000000000004,,,19.000000000000004,,,CT,Power,-15.242477252441988,-15.656483442646824,2.7500000000000004,,15.260000000000044,,ABC-15,0.57000000000000228,,FALSE,TRUE,TRUE,TRUE,TRUE,TRUE,FALSE,FALSE,TRUE,TRUE,FALSE,TRUE
﻿1664315,Cable Trays,Ladder Cable Tray,L1,Pass,,CT-123,2,,,,6.3137149953108818,43.719733752367958,2.7500000000000004,,,15.000000000000002,,,CT,Power,-8.68628500468912,43.719733752367958,2.7500000000000004,,12.060000000000034,,ABC-15,0.45000000000000168,,FALSE,TRUE,TRUE,TRUE,TRUE,TRUE,FALSE,FALSE,TRUE,TRUE,FALSE,TRUE
﻿1664326,Cable Trays,Wire Mesh Cable Tray,L1,Fail,Model:missing,TRK-896,2,,,,4.1780973544324809,-5.0102071254383853,2.7500000000000004,,,6.0000000000000009,,,,Telecom,4.1780973544324711,-11.010207125438386,2.7500000000000004,,4.8600000000000003,,XYZ-96,0.18000000000000005,,FALSE,TRUE,TRUE,TRUE,TRUE,TRUE,TRUE,FALSE,TRUE,TRUE,FALSE,TRUE
﻿1664337,Cable Trays,Solid Bottom Cable Tray,L1,Pass,,LAD-657,2,,,,6.3137149953108835,-17.991337759619725,2.7500000000000004,,,15.000000000000002,,,LAD,Telecom,-8.6862850046891182,-17.991337759619675,2.7500000000000004,,12.060000000000034,,CDE-87,0.45000000000000168,,FALSE,TRUE,TRUE,TRUE,TRUE,TRUE,FALSE,FALSE,TRUE,TRUE,FALSE,TRUE
﻿1664348,Cable Trays,Ladder Cable Tray,L1,Pass,,CT-123,2,,,,17.302622946693276,37.774810681065695,2.7500000000000004,,,13.000000000000002,,,CT,Telecom,17.302622946693294,50.774810681065695,2.7500000000000004,,10.460000000000027,,ABC-15,0.3900000000000014,,FALSE,TRUE,TRUE,TRUE,TRUE,TRUE,FALSE,FALSE,TRUE,TRUE,FALSE,TRUE
﻿1666346,Cable Trays,Ladder Cable Tray,L1,Pass,,CT-123,2,,,,73.205778763007274,-25.395063919517177,2.7500000000000004,,,19.000000000000004,,,CT,Power,73.205778763007231,-44.395063919517185,2.7500000000000004,,15.260000000000044,,ABC-15,0.57000000000000239,,FALSE,TRUE,TRUE,TRUE,TRUE,TRUE,FALSE,FALSE,TRUE,TRUE,FALSE,TRUE
﻿1666347,Cable Trays,Ladder Cable Tray,L1,Pass,,CT-123,2,,,,94.761971010760107,-25.395063919517177,2.7500000000000004,,,15.000000000000002,,,CT,Power,79.761971010760107,-25.395063919517177,2.7500000000000004,,12.060000000000034,,ABC-15,0.45000000000000179,,FALSE,TRUE,TRUE,TRUE,TRUE,TRUE,FALSE,FALSE,TRUE,TRUE,FALSE,TRUE
﻿1666348,Cable Trays,Wire Mesh Cable Tray,L1,Fail,Model:missing,TRK-896,2,,,,92.626353369881727,-33.748787602308738,2.7500000000000004,,,6.0000000000000009,,,,Telecom,92.626353369881699,-39.748787602308738,2.7500000000000004,,4.8600000000000136,,XYZ-96,0.18000000000000069,,FALSE,TRUE,TRUE,TRUE,TRUE,TRUE,TRUE,FALSE,TRUE,TRUE,FALSE,TRUE
﻿1666349,Cable Trays,Solid Bottom Cable Tray,L1,Pass,,LAD-657,2,,,,94.761971010760107,-46.729918236490086,2.7500000000000004,,,15.000000000000002,,,LAD,Telecom,79.761971010760107,-46.729918236490036,2.7500000000000004,,12.060000000000034,,CDE-87,0.45000000000000179,,FALSE,TRUE,TRUE,TRUE,TRUE,TRUE,FALSE,FALSE,TRUE,TRUE,FALSE,TRUE
﻿1666350,Cable Trays,Ladder Cable Tray,L1,Pass,,CT-123,2,,,,105.75087896214251,-31.339986990819444,2.7500000000000004,,,13.000000000000002,,,CT,Telecom,105.75087896214252,-18.339986990819444,2.7500000000000004,,10.460000000000027,,ABC-15,0.3900000000000014,,FALSE,TRUE,TRUE,TRUE,TRUE,TRUE,FALSE,FALSE,TRUE,TRUE,FALSE,TRUE
﻿1666427,Cable Trays,Ladder Cable Tray,L1,Pass,,CT-123,2,,,,73.205778763007402,61.604936080482837,2.7500000000000004,,,19.000000000000004,,,CT,Power,73.205778763007373,42.60493608048283,2.7500000000000004,,15.260000000000044,,ABC-15,0.57000000000000239,,FALSE,TRUE,TRUE,TRUE,TRUE,TRUE,FALSE,FALSE,TRUE,TRUE,FALSE,TRUE
﻿1666428,Cable Trays,Ladder Cable Tray,L1,Pass,,CT-123,2,,,,94.761971010760249,61.604936080482837,2.7500000000000004,,,15.000000000000002,,,CT,Power,79.761971010760234,61.604936080482837,2.7500000000000004,,12.060000000000034,,ABC-15,0.45000000000000179,,FALSE,TRUE,TRUE,TRUE,TRUE,TRUE,FALSE,FALSE,TRUE,TRUE,FALSE,TRUE
﻿1666429,Cable Trays,Wire Mesh Cable Tray,L1,Fail,Model:missing,TRK-896,2,,,,92.626353369881855,53.251212397691283,2.7500000000000004,,,6.0000000000000009,,,,Telecom,92.626353369881841,47.251212397691276,2.7500000000000004,,4.8600000000000172,,XYZ-96,0.18000000000000083,,FALSE,TRUE,TRUE,TRUE,TRUE,TRUE,TRUE,FALSE,TRUE,TRUE,FALSE,TRUE
﻿1666430,Cable Trays,Solid Bottom Cable Tray,L1,Pass,,LAD-657,2,,,,94.761971010760249,40.270081763509928,2.7500000000000004,,,15.000000000000002,,,LAD,Telecom,79.761971010760234,40.270081763509978,2.7500000000000004,,12.060000000000034,,CDE-87,0.45000000000000179,,FALSE,TRUE,TRUE,TRUE,TRUE,TRUE,FALSE,FALSE,TRUE,TRUE,FALSE,TRUE
﻿1666431,Cable Trays,Ladder Cable Tray,L1,Pass,,CT-123,2,,,,105.75087896214265,55.660013009180567,2.7500000000000004,,,13.000000000000002,,,CT,Telecom,105.75087896214266,68.660013009180574,2.7500000000000004,,10.460000000000027,,ABC-15,0.3900000000000014,,FALSE,TRUE,TRUE,TRUE,TRUE,TRUE,FALSE,FALSE,TRUE,TRUE,FALSE,TRUE
﻿1666513,Cable Trays,Ladder Cable Tray,L1,Pass,,CT-123,2,,,,-127.31447938742265,104.22683269812401,2.7500000000000004,,,19.000000000000004,,,CT,Power,-127.31447938742268,85.226832698124028,2.7500000000000004,,15.260000000000039,,ABC-15,0.57000000000000195,,FALSE,TRUE,TRUE,TRUE,TRUE,TRUE,FALSE,FALSE,TRUE,TRUE,FALSE,TRUE
﻿1666514,Cable Trays,Ladder Cable Tray,L1,Pass,,CT-123,2,,,,-105.7582871396698,104.22683269812404,2.7500000000000004,,,15.000000000000002,,,CT,Power,-120.75828713966982,104.22683269812404,2.7500000000000004,,12.060000000000034,,ABC-15,0.45000000000000179,,FALSE,TRUE,TRUE,TRUE,TRUE,TRUE,FALSE,FALSE,TRUE,TRUE,FALSE,TRUE
﻿1666515,Cable Trays,Wire Mesh Cable Tray,L1,Fail,Model:missing,TRK-896,2,,,,-107.8939047805482,95.873109015332474,2.7500000000000004,,,6.0000000000000009,,,,Telecom,-107.89390478054821,89.873109015332474,2.7500000000000004,,4.8600000000000172,,XYZ-96,0.18000000000000083,,FALSE,TRUE,TRUE,TRUE,TRUE,TRUE,TRUE,FALSE,TRUE,TRUE,FALSE,TRUE
﻿1666516,Cable Trays,Solid Bottom Cable Tray,L1,Pass,,LAD-657,2,,,,-105.7582871396698,40.270081763509943,2.7500000000000004,,,15.000000000000002,,,LAD,Telecom,-120.75828713966982,40.270081763509992,2.7500000000000004,,12.060000000000034,,CDE-87,0.45000000000000179,,FALSE,TRUE,TRUE,TRUE,TRUE,TRUE,FALSE,FALSE,TRUE,TRUE,FALSE,TRUE
﻿1666517,Cable Trays,Ladder Cable Tray,L1,Pass,,CT-123,2,,,,-41.038097277627863,98.281909626821758,2.7500000000000004,,,13.000000000000002,,,CT,Telecom,-41.038097277627841,111.28190962682177,2.7500000000000004,,10.460000000000035,,ABC-15,0.39000000000000173,,FALSE,TRUE,TRUE,TRUE,TRUE,TRUE,FALSE,FALSE,TRUE,TRUE,FALSE,TRUE
﻿1666599,Cable Trays,Ladder Cable Tray,L1,Pass,,CT-123,2,,,,-115.31447938742264,-47.102751967144108,2.7500000000000004,,,19.000000000000004,,,CT,Power,-115.31447938742268,-66.102751967144115,2.7500000000000004,,15.260000000000044,,ABC-15,0.57000000000000239,,FALSE,TRUE,TRUE,TRUE,TRUE,TRUE,FALSE,FALSE,TRUE,TRUE,FALSE,TRUE
﻿1666600,Cable Trays,Ladder Cable Tray,L1,Pass,,CT-123,2,,,,-93.758287139669804,-11.142683527834055,2.7500000000000004,,,15.000000000000002,,,CT,Power,-108.7582871396698,-11.142683527834055,2.7500000000000004,,12.060000000000034,,ABC-15,0.45000000000000179,,FALSE,TRUE,TRUE,TRUE,TRUE,TRUE,FALSE,FALSE,TRUE,TRUE,FALSE,TRUE
﻿1666601,Cable Trays,Wire Mesh Cable Tray,L1,Fail,Model:missing,TRK-896,2,,,,-95.893904780548183,-55.456475649935662,2.7500000000000004,,,6.0000000000000009,,,,Telecom,-95.893904780548198,-61.456475649935669,2.7500000000000004,,4.8600000000000172,,XYZ-96,0.18000000000000083,,FALSE,TRUE,TRUE,TRUE,TRUE,TRUE,TRUE,FALSE,TRUE,TRUE,FALSE,TRUE
﻿1666602,Cable Trays,Solid Bottom Cable Tray,L1,Pass,,LAD-657,2,,,,-93.758287139669804,-68.437606284116995,2.7500000000000004,,,15.000000000000002,,,LAD,Telecom,-108.7582871396698,-68.437606284116953,2.7500000000000004,,12.060000000000034,,CDE-87,0.45000000000000179,,FALSE,TRUE,TRUE,TRUE,TRUE,TRUE,FALSE,FALSE,TRUE,TRUE,FALSE,TRUE
﻿1666603,Cable Trays,Ladder Cable Tray,L1,Pass,,CT-123,2,,,,-32.929986088191043,-17.087606599136326,2.7500000000000004,,,13.000000000000002,,,CT,Telecom,-32.929986088191029,-4.0876065991363228,2.7500000000000004,,10.460000000000029,,ABC-15,0.39000000000000146,,FALSE,TRUE,TRUE,TRUE,TRUE,TRUE,FALSE,FALSE,TRUE,TRUE,FALSE,TRUE
﻿1666661,Cable Trays,Ladder Cable Tray,L1,Pass,,CT-123,2,,,,53.007104620183057,192.32711152463253,2.7500000000000004,,,13.000000000000002,,,CT,Telecom,53.007104620183071,205.32711152463253,2.7500000000000004,,10.46000000000002,,ABC-15,0.39000000000000118,,FALSE,TRUE,TRUE,TRUE,TRUE,TRUE,FALSE,FALSE,TRUE,TRUE,FALSE,TRUE
﻿1666689,Cable Trays,Ladder Cable Tray,L1,Pass,,CT-123,2,,,,-190.16670253194081,222.18510065889436,2.7500000000000004,,,13.000000000000002,,,CT,Telecom,-190.16670253194079,235.18510065889433,2.7500000000000004,,10.46000000000002,,ABC-15,0.39000000000000118,,FALSE,TRUE,TRUE,TRUE,TRUE,TRUE,FALSE,FALSE,TRUE,TRUE,FALSE,TRUE
﻿1666715,Cable Trays,Ladder Cable Tray,L1,Pass,,CT-123,2,,,,-237.96282652553987,-2.6779833977559186,2.7500000000000004,,,13.000000000000002,,,CT,Telecom,-237.96282652553984,10.322016602244084,2.7500000000000004,,10.460000000000029,,ABC-15,0.39000000000000146,,FALSE,TRUE,TRUE,TRUE,TRUE,TRUE,FALSE,FALSE,TRUE,TRUE,FALSE,TRUE
﻿1666782,Cable Trays,Ladder Cable Tray,L1,Pass,,CT-123,2,,,,274.58400468374123,-257.61741992260232,2.7500000000000004,,,19.000000000000004,,,CT,Power,274.58400468374117,-276.61741992260232,2.7500000000000004,,15.260000000000051,,ABC-15,0.5700000000000025,,FALSE,TRUE,TRUE,TRUE,TRUE,TRUE,FALSE,FALSE,TRUE,TRUE,FALSE,TRUE
﻿1666783,Cable Trays,Ladder Cable Tray,L1,Pass,,CT-123,2,,,,296.14019693149402,-217.24120272758756,2.7500000000000004,,,15.000000000000002,,,CT,Power,281.14019693149402,-217.24120272758756,2.7500000000000004,,12.060000000000022,,ABC-15,0.45000000000000129,,FALSE,TRUE,TRUE,TRUE,TRUE,TRUE,FALSE,FALSE,TRUE,TRUE,FALSE,TRUE
﻿1666784,Cable Trays,Wire Mesh Cable Tray,L1,Fail,Model:missing,TRK-896,2,,,,294.00457929061565,-265.97114360539393,2.7500000000000004,,,6.0000000000000009,,,,Telecom,294.00457929061565,-271.97114360539388,2.7500000000000004,,4.860000000000003,,XYZ-96,0.18000000000000027,,FALSE,TRUE,TRUE,TRUE,TRUE,TRUE,TRUE,FALSE,TRUE,TRUE,FALSE,TRUE
﻿1666785,Cable Trays,Solid Bottom Cable Tray,L1,Pass,,LAD-657,2,,,,296.14019693149402,-278.95227423957522,2.7500000000000004,,,15.000000000000002,,,LAD,Telecom,281.14019693149402,-278.95227423957516,2.7500000000000004,,12.060000000000022,,CDE-87,0.45000000000000129,,FALSE,TRUE,TRUE,TRUE,TRUE,TRUE,FALSE,FALSE,TRUE,TRUE,FALSE,TRUE
﻿1666786,Cable Trays,Ladder Cable Tray,L1,Pass,,CT-123,2,,,,307.12910488287639,-223.1861257988898,2.7500000000000004,,,13.000000000000002,,,CT,Telecom,307.12910488287645,-210.1861257988898,2.7500000000000004,,10.46000000000002,,ABC-15,0.39000000000000118,,FALSE,TRUE,TRUE,TRUE,TRUE,TRUE,FALSE,FALSE,TRUE,TRUE,FALSE,TRUE
﻿1666801,Cable Trays,Ladder Cable Tray,L1,Pass,,CT-123,2,,,,363.03226069919037,-286.35600039947263,2.7500000000000004,,,19.000000000000004,,,CT,Power,363.03226069919037,-305.35600039947269,2.7500000000000004,,15.260000000000051,,ABC-15,0.5700000000000025,,FALSE,TRUE,TRUE,TRUE,TRUE,TRUE,FALSE,FALSE,TRUE,TRUE,FALSE,TRUE
﻿1666809,Cable Trays,Ladder Cable Tray,L1,Pass,,CT-123,2,,,,363.03226069919054,-199.35600039947269,2.7500000000000004,,,19.000000000000004,,,CT,Power,363.03226069919054,-218.35600039947269,2.7500000000000004,,15.260000000000051,,ABC-15,0.5700000000000025,,FALSE,TRUE,TRUE,TRUE,TRUE,TRUE,FALSE,FALSE,TRUE,TRUE,FALSE,TRUE
﻿1666845,Cable Trays,Ladder Cable Tray,L1,Pass,,CT-123,2,,,,162.51200254876051,-156.73410378183146,2.7500000000000004,,,19.000000000000004,,,CT,Power,162.51200254876048,-175.73410378183149,2.7500000000000004,,15.260000000000051,,ABC-15,0.5700000000000025,,FALSE,TRUE,TRUE,TRUE,TRUE,TRUE,FALSE,FALSE,TRUE,TRUE,FALSE,TRUE
﻿1666846,Cable Trays,Ladder Cable Tray,L1,Pass,,CT-123,2,,,,184.06819479651332,-156.73410378183146,2.7500000000000004,,,15.000000000000002,,,CT,Power,169.06819479651332,-156.73410378183146,2.7500000000000004,,12.060000000000022,,ABC-15,0.45000000000000129,,FALSE,TRUE,TRUE,TRUE,TRUE,TRUE,FALSE,FALSE,TRUE,TRUE,FALSE,TRUE
﻿1666847,Cable Trays,Wire Mesh Cable Tray,L1,Fail,Model:missing,TRK-896,2,,,,181.93257715563493,-165.08782746462305,2.7500000000000004,,,6.0000000000000009,,,,Telecom,181.93257715563493,-171.08782746462305,2.7500000000000004,,4.860000000000003,,XYZ-96,0.18000000000000027,,FALSE,TRUE,TRUE,TRUE,TRUE,TRUE,TRUE,FALSE,TRUE,TRUE,FALSE,TRUE
﻿1666848,Cable Trays,Solid Bottom Cable Tray,L1,Pass,,LAD-657,2,,,,184.06819479651332,-220.69085471644553,2.7500000000000004,,,15.000000000000002,,,LAD,Telecom,169.06819479651332,-220.6908547164455,2.7500000000000004,,12.060000000000022,,CDE-87,0.45000000000000129,,FALSE,TRUE,TRUE,TRUE,TRUE,TRUE,FALSE,FALSE,TRUE,TRUE,FALSE,TRUE
﻿1666849,Cable Trays,Ladder Cable Tray,L1,Pass,,CT-123,2,,,,248.78838465855526,-162.67902685313373,2.7500000000000004,,,13.000000000000002,,,CT,Telecom,248.78838465855529,-149.67902685313373,2.7500000000000004,,10.46000000000002,,ABC-15,0.39000000000000118,,FALSE,TRUE,TRUE,TRUE,TRUE,TRUE,FALSE,FALSE,TRUE,TRUE,FALSE,TRUE
﻿1666898,Cable Trays,Ladder Cable Tray,L1,Pass,,CT-123,2,,,,174.51200254876048,-308.06368844709965,2.7500000000000004,,,19.000000000000004,,,CT,Power,174.51200254876045,-327.06368844709965,2.7500000000000004,,15.260000000000051,,ABC-15,0.5700000000000025,,FALSE,TRUE,TRUE,TRUE,TRUE,TRUE,FALSE,FALSE,TRUE,TRUE,FALSE,TRUE
﻿1666899,Cable Trays,Ladder Cable Tray,L1,Pass,,CT-123,2,,,,196.06819479651332,-272.10362000778957,2.7500000000000004,,,15.000000000000002,,,CT,Power,181.06819479651335,-272.10362000778957,2.7500000000000004,,12.060000000000022,,ABC-15,0.45000000000000129,,FALSE,TRUE,TRUE,TRUE,TRUE,TRUE,FALSE,FALSE,TRUE,TRUE,FALSE,TRUE
﻿1666900,Cable Trays,Wire Mesh Cable Tray,L1,Fail,Model:missing,TRK-896,2,,,,193.93257715563496,-316.41741212989115,2.7500000000000004,,,6.0000000000000009,,,,Telecom,193.93257715563496,-322.4174121298912,2.7500000000000004,,4.8600000000000305,,XYZ-96,0.1800000000000013,,FALSE,TRUE,TRUE,TRUE,TRUE,TRUE,TRUE,FALSE,TRUE,TRUE,FALSE,TRUE
﻿1666901,Cable Trays,Solid Bottom Cable Tray,L1,Pass,,LAD-657,2,,,,196.06819479651332,-329.39854276407254,2.7500000000000004,,,15.000000000000002,,,LAD,Telecom,181.06819479651335,-329.39854276407243,2.7500000000000004,,12.060000000000022,,CDE-87,0.45000000000000129,,FALSE,TRUE,TRUE,TRUE,TRUE,TRUE,FALSE,FALSE,TRUE,TRUE,FALSE,TRUE
﻿1666902,Cable Trays,Ladder Cable Tray,L1,Pass,,CT-123,2,,,,256.89649584799207,-278.04854307909181,2.7500000000000004,,,13.000000000000002,,,CT,Telecom,256.89649584799213,-265.04854307909181,2.7500000000000004,,10.46000000000002,,ABC-15,0.39000000000000118,,FALSE,TRUE,TRUE,TRUE,TRUE,TRUE,FALSE,FALSE,TRUE,TRUE,FALSE,TRUE
﻿1667060,Cable Trays,Ladder Cable Tray,L1,Pass,,CT-123,2,,,,-466.14312451164409,-145.96899162136941,2.7500000000000004,,,179.00000000000006,,,CT,Telecom,-645.14312451164415,-145.96899162136944,2.7500000000000004,,143.26000000000042,,ABC-15,5.3700000000000223,,FALSE,TRUE,TRUE,TRUE,TRUE,TRUE,FALSE,FALSE,TRUE,TRUE,FALSE,TRUE
﻿1667097,Cable Trays,Ladder Cable Tray,L1,Fail,Service Type:not_allowed,CT-123,2,,,,-230.17129052752924,-222.64088823901054,2.7499999999999831,,,179.00000000000006,,,CT,0,-409.17129052752932,-222.64088823901056,2.7499999999999831,,143.26000000000042,,ABC-15,5.3700000000000223,,FALSE,TRUE,TRUE,TRUE,TRUE,TRUE,FALSE,FALSE,TRUE,TRUE,FALSE,TRUE
﻿1667119,Cable Trays,Ladder Cable Tray,L1,Fail,Service Type:not_allowed,CT-123,2,,,,-319.9411976178427,-0.45257136737179915,2.7500000000000338,,,179.00000000000006,,,CT,0,-498.94119761784282,-0.45257136737183379,2.7500000000000338,,143.26000000000005,,ABC-15,5.3700000000000019,,FALSE,TRUE,TRUE,TRUE,TRUE,TRUE,FALSE,FALSE,TRUE,TRUE,FALSE,TRUE
﻿1667143,Cable Trays,Ladder Cable Tray,L1,Pass,,CT-123,2,,,,-603.25368922281518,-390.39876265609615,2.7499999999999445,,,179.00000000000006,,,CT,Telecom,-782.2536892228153,-390.39876265609621,2.7499999999999445,,143.26000000000042,,ABC-15,5.3700000000000223,,FALSE,TRUE,TRUE,TRUE,TRUE,TRUE,FALSE,FALSE,TRUE,TRUE,FALSE,TRUE
﻿1663952,Ducts,Radius Elbows / Tees,L1,Pass,,FG-87,2,,,,-12.29240970367772,4.8201277301669752,1.5000000000000002,,25 mm,21.0,25 mm,,,,-12.292409703677752,-16.179872269833027,1.5000000000000002,,25.380000000000045,Supply Air,TYU-82,1.8900000000000075,,FALSE,TRUE,TRUE,FALSE,FALSE,TRUE,TRUE,TRUE,TRUE,FALSE,FALSE,TRUE
﻿1663980,Ducts,Radius Elbows / Tees,L1,Pass,,FG-87,2,,,,6.106238904260735,47.218393686827284,1.5000000000000002,,25 mm,17.000000000000004,0 mm,,,,-10.893761095739267,47.218393686827334,1.5000000000000002,,20.580000000000041,Return Air,TYU-82,1.5300000000000058,,FALSE,TRUE,TRUE,FALSE,FALSE,TRUE,TRUE,TRUE,TRUE,FALSE,FALSE,TRUE
﻿1664007,Ducts,Default,L1,Fail,Type Mark:regex_fail,FR-02,2,D=0.3000;D=0.3000,,,10.379792641367272,-6.0314782576069836,1.5000000000000002,,25 mm,11.000000000000002,25 mm,,,,10.379792641367255,-17.031478257606985,1.5000000000000002,,10.508606170523068,Exhaust Air,GHT,0.77750521291637409,,FALSE,TRUE,TRUE,FALSE,FALSE,TRUE,TRUE,TRUE,TRUE,FALSE,FALSE,TRUE
﻿1666323,Ducts,Radius Elbows / Tees,L1,Pass,,FG-87,2,,,,76.155846311771512,-23.91845274670338,1.5000000000000002,,25 mm,21.0,25 mm,,,,76.155846311771469,-44.91845274670338,1.5000000000000002,,25.380000000000045,Supply Air,TYU-82,1.8900000000000075,,FALSE,TRUE,TRUE,FALSE,FALSE,TRUE,TRUE,TRUE,TRUE,FALSE,FALSE,TRUE
﻿1666324,Ducts,Radius Elbows / Tees,L1,Pass,,FG-87,2,,,,94.554494919709967,-21.896403985057855,1.5000000000000002,,25 mm,17.000000000000004,0 mm,,,,77.554494919709967,-21.896403985057802,1.5000000000000002,,20.580000000000037,Return Air,TYU-82,1.5300000000000058,,FALSE,TRUE,TRUE,FALSE,FALSE,TRUE,TRUE,TRUE,TRUE,FALSE,FALSE,TRUE
﻿1666325,Ducts,Default,L1,Fail,Type Mark:regex_fail,FR-02,2,D=0.3000;D=0.3000,,,98.828048656816492,-34.770058734477338,1.5000000000000002,,25 mm,11.000000000000002,25 mm,,,,98.828048656816478,-45.770058734477345,1.5000000000000002,,10.508606170523059,Exhaust Air,GHT,0.77750521291637431,,FALSE,TRUE,TRUE,FALSE,FALSE,TRUE,TRUE,TRUE,TRUE,FALSE,FALSE,TRUE
﻿1666407,Ducts,Radius Elbows / Tees,L1,Pass,,FG-87,2,,,,76.15584631177164,63.081547253296634,1.5000000000000002,,25 mm,21.0,25 mm,,,,76.155846311771612,42.081547253296634,1.5000000000000002,,25.380000000000045,Supply Air,TYU-82,1.8900000000000075,,FALSE,TRUE,TRUE,FALSE,FALSE,TRUE,TRUE,TRUE,TRUE,FALSE,FALSE,TRUE
﻿1666408,Ducts,Radius Elbows / Tees,L1,Pass,,FG-87,2,,,,94.554494919710109,65.103596014942156,1.5000000000000002,,25 mm,17.000000000000004,0 mm,,,,77.554494919710109,65.103596014942212,1.5000000000000002,,20.580000000000037,Return Air,TYU-82,1.5300000000000058,,FALSE,TRUE,TRUE,FALSE,FALSE,TRUE,TRUE,TRUE,TRUE,FALSE,FALSE,TRUE
﻿1666409,Ducts,Default,L1,Fail,Type Mark:regex_fail,FR-02,2,D=0.3000;D=0.3000,,,98.828048656816634,52.229941265522676,1.5000000000000002,,25 mm,11.000000000000002,25 mm,,,,98.82804865681662,41.229941265522669,1.5000000000000002,,10.508606170523059,Exhaust Air,GHT,0.77750521291637431,,FALSE,TRUE,TRUE,FALSE,FALSE,TRUE,TRUE,TRUE,TRUE,FALSE,FALSE,TRUE
﻿1666493,Ducts,Radius Elbows / Tees,L1,Pass,,FG-87,2,,,,-124.36441183865841,105.70344387093785,1.5000000000000002,,25 mm,21.0,25 mm,,,,-124.36441183865844,84.703443870937832,1.5000000000000002,,25.380000000000056,Supply Air,TYU-82,1.8900000000000079,,FALSE,TRUE,TRUE,FALSE,FALSE,TRUE,TRUE,TRUE,TRUE,FALSE,FALSE,TRUE
﻿1666494,Ducts,Radius Elbows / Tees,L1,Pass,,FG-87,2,,,,-105.96576323071996,107.72549263258335,1.5000000000000002,,25 mm,17.000000000000004,0 mm,,,,-122.96576323071996,107.72549263258341,1.5000000000000002,,20.580000000000037,Return Air,TYU-82,1.5300000000000058,,FALSE,TRUE,TRUE,FALSE,FALSE,TRUE,TRUE,TRUE,TRUE,FALSE,FALSE,TRUE
﻿1666495,Ducts,Default,L1,Fail,Type Mark:regex_fail,FR-02,2,D=0.3000;D=0.3000,,,-47.960927582953865,52.229941265522683,1.5000000000000002,,25 mm,11.000000000000002,25 mm,,,,-47.960927582953886,41.229941265522683,1.5000000000000002,,10.50860617052307,Exhaust Air,GHT,0.77750521291637742,,FALSE,TRUE,TRUE,FALSE,FALSE,TRUE,TRUE,TRUE,TRUE,FALSE,FALSE,TRUE
﻿1666579,Ducts,Radius Elbows / Tees,L1,Pass,,FG-87,2,,,,-112.3644118386584,-45.626140794330304,1.5000000000000002,,25 mm,21.0,25 mm,,,,-112.36441183865844,-66.626140794330297,1.5000000000000002,,25.380000000000045,Supply Air,TYU-82,1.8900000000000075,,FALSE,TRUE,TRUE,FALSE,FALSE,TRUE,TRUE,TRUE,TRUE,FALSE,FALSE,TRUE
﻿1666580,Ducts,Radius Elbows / Tees,L1,Pass,,FG-87,2,,,,-93.965763230719944,-7.6440235933747349,1.5000000000000002,,25 mm,17.000000000000004,0 mm,,,,-110.96576323071994,-7.6440235933746807,1.5000000000000002,,20.580000000000016,Return Air,TYU-82,1.5300000000000038,,FALSE,TRUE,TRUE,FALSE,FALSE,TRUE,TRUE,TRUE,TRUE,FALSE,FALSE,TRUE
﻿1666581,Ducts,Default,L1,Fail,Type Mark:regex_fail,FR-02,2,D=0.3000;D=0.3000,,,-39.852816393517053,-56.477746782104262,1.5000000000000002,,25 mm,11.000000000000002,25 mm,,,,-39.852816393517074,-67.477746782104262,1.5000000000000002,,10.50860617052307,Exhaust Air,GHT,0.77750521291637742,,FALSE,TRUE,TRUE,FALSE,FALSE,TRUE,TRUE,TRUE,TRUE,FALSE,FALSE,TRUE
﻿1666658,Ducts,Default,L1,Fail,Type Mark:regex_fail,FR-02,2,D=0.3000;D=0.3000,,,46.084274314857048,146.27514316333341,1.5000000000000002,,25 mm,11.000000000000002,25 mm,,,,46.084274314857034,135.27514316333341,1.5000000000000002,,10.508606170523063,Exhaust Air,GHT,0.77750521291637675,,FALSE,TRUE,TRUE,FALSE,FALSE,TRUE,TRUE,TRUE,TRUE,FALSE,FALSE,TRUE
﻿1666686,Ducts,Default,L1,Fail,Type Mark:regex_fail,FR-02,2,D=0.3000;D=0.3000,,,-197.0895328372668,176.13313229759524,1.5000000000000002,,25 mm,11.000000000000002,25 mm,,,,-197.0895328372668,165.13313229759524,1.5000000000000002,,10.508606170523075,Exhaust Air,GHT,0.77750521291637997,,FALSE,TRUE,TRUE,FALSE,FALSE,TRUE,TRUE,TRUE,TRUE,FALSE,FALSE,TRUE
﻿1666712,Ducts,Default,L1,Fail,Type Mark:regex_fail,FR-02,2,D=0.3000;D=0.3000,,,-244.88565683086586,-48.72995175905502,1.5000000000000002,,25 mm,11.000000000000002,25 mm,,,,-244.88565683086586,-59.72995175905502,1.5000000000000002,,10.508606170523084,Exhaust Air,GHT,0.77750521291638064,,FALSE,TRUE,TRUE,FALSE,FALSE,TRUE,TRUE,TRUE,TRUE,FALSE,FALSE,TRUE
﻿1666759,Ducts,Radius Elbows / Tees,L1,Pass,,FG-87,2,,,,277.53407223250542,-256.1408087497885,1.5000000000000002,,25 mm,21.0,25 mm,,,,277.53407223250537,-277.14080874978856,1.5000000000000002,,25.380000000000056,Supply Air,TYU-82,1.8900000000000079,,FALSE,TRUE,TRUE,FALSE,FALSE,TRUE,TRUE,TRUE,TRUE,FALSE,FALSE,TRUE
﻿1666760,Ducts,Radius Elbows / Tees,L1,Pass,,FG-87,2,,,,295.93272084044389,-213.74254279312825,1.5000000000000002,,25 mm,17.000000000000004,0 mm,,,,278.93272084044389,-213.74254279312817,1.5000000000000002,,20.580000000000059,Return Air,TYU-82,1.5300000000000069,,FALSE,TRUE,TRUE,FALSE,FALSE,TRUE,TRUE,TRUE,TRUE,FALSE,FALSE,TRUE
﻿1666761,Ducts,Default,L1,Fail,Type Mark:regex_fail,FR-02,2,D=0.3000;D=0.3000,,,300.20627457755046,-266.99241473756251,1.5000000000000002,,25 mm,11.000000000000002,25 mm,,,,300.2062745775504,-277.99241473756251,1.5000000000000002,,10.508606170523075,Exhaust Air,GHT,0.77750521291637997,,FALSE,TRUE,TRUE,FALSE,FALSE,TRUE,TRUE,TRUE,TRUE,FALSE,FALSE,TRUE
﻿1666798,Ducts,Radius Elbows / Tees,L1,Pass,,FG-87,2,,,,365.98232824795463,-284.87938922665887,1.5000000000000002,,25 mm,21.0,25 mm,,,,365.98232824795463,-305.87938922665887,1.5000000000000002,,25.380000000000056,Supply Air,TYU-82,1.8900000000000079,,FALSE,TRUE,TRUE,FALSE,FALSE,TRUE,TRUE,TRUE,TRUE,FALSE,FALSE,TRUE
﻿1666806,Ducts,Radius Elbows / Tees,L1,Pass,,FG-87,2,,,,365.9823282479548,-197.87938922665887,1.5000000000000002,,25 mm,21.0,25 mm,,,,365.9823282479548,-218.87938922665887,1.5000000000000002,,25.380000000000056,Supply Air,TYU-82,1.8900000000000079,,FALSE,TRUE,TRUE,FALSE,FALSE,TRUE,TRUE,TRUE,TRUE,FALSE,FALSE,TRUE
﻿1666825,Ducts,Radius Elbows / Tees,L1,Pass,,FG-87,2,,,,165.46207009752476,-155.25749260901767,1.5000000000000002,,25 mm,21.0,25 mm,,,,165.46207009752473,-176.25749260901767,1.5000000000000002,,25.380000000000056,Supply Air,TYU-82,1.8900000000000079,,FALSE,TRUE,TRUE,FALSE,FALSE,TRUE,TRUE,TRUE,TRUE,FALSE,FALSE,TRUE
﻿1666826,Ducts,Radius Elbows / Tees,L1,Pass,,FG-87,2,,,,183.8607187054632,-153.23544384737215,1.5000000000000002,,25 mm,17.000000000000004,0 mm,,,,166.8607187054632,-153.2354438473721,1.5000000000000002,,20.580000000000059,Return Air,TYU-82,1.5300000000000069,,FALSE,TRUE,TRUE,FALSE,FALSE,TRUE,TRUE,TRUE,TRUE,FALSE,FALSE,TRUE
﻿1666827,Ducts,Default,L1,Fail,Type Mark:regex_fail,FR-02,2,D=0.3000;D=0.3000,,,241.8655543532293,-208.73099521443282,1.5000000000000002,,25 mm,11.000000000000002,25 mm,,,,241.86555435322927,-219.73099521443282,1.5000000000000002,,10.508606170523075,Exhaust Air,GHT,0.77750521291637997,,FALSE,TRUE,TRUE,FALSE,FALSE,TRUE,TRUE,TRUE,TRUE,FALSE,FALSE,TRUE
﻿1666878,Ducts,Radius Elbows / Tees,L1,Pass,,FG-87,2,,,,177.46207009752473,-306.58707727428578,1.5000000000000002,,25 mm,21.0,25 mm,,,,177.4620700975247,-327.58707727428583,1.5000000000000002,,25.380000000000056,Supply Air,TYU-82,1.8900000000000079,,FALSE,TRUE,TRUE,FALSE,FALSE,TRUE,TRUE,TRUE,TRUE,FALSE,FALSE,TRUE
﻿1666879,Ducts,Radius Elbows / Tees,L1,Pass,,FG-87,2,,,,195.86071870546323,-268.60496007333029,1.5000000000000002,,25 mm,17.000000000000004,0 mm,,,,178.8607187054632,-268.60496007333023,1.5000000000000002,,20.580000000000059,Return Air,TYU-82,1.5300000000000069,,FALSE,TRUE,TRUE,FALSE,FALSE,TRUE,TRUE,TRUE,TRUE,FALSE,FALSE,TRUE
﻿1666880,Ducts,Default,L1,Fail,Type Mark:regex_fail,FR-02,2,D=0.3000;D=0.3000,,,249.97366554266611,-317.43868326205978,1.5000000000000002,,25 mm,11.000000000000002,25 mm,,,,249.97366554266608,-328.43868326205978,1.5000000000000002,,10.508606170523075,Exhaust Air,GHT,0.77750521291637997,,FALSE,TRUE,TRUE,FALSE,FALSE,TRUE,TRUE,TRUE,TRUE,FALSE,FALSE,TRUE
﻿1666987,Ducts,Radius Elbows / Tees,L1,Fail,Insulation Thickness:lt_min,FG-87,2,,,,94.554494919709953,292.67084391023684,1.5000000000000002,,0 mm,245.03341610874071,0 mm,,,,-150.47892118903076,292.67084391023764,1.5000000000000002,,564.08685705010225,Supply Air,TYU-82,62.483521107728258,,FALSE,TRUE,TRUE,FALSE,FALSE,TRUE,TRUE,TRUE,TRUE,FALSE,FALSE,TRUE
﻿1667026,Ducts,Radius Elbows / Tees,L1,Fail,Insulation Thickness:lt_min,FG-87,2,,,,-225.44777188436913,-309.16588823901105,1.4999999999998628,,0 mm,245.03341610874071,0 mm,,,,-470.48118799310987,-309.16588823901026,1.4999999999998628,,1226.487080543696,Supply Air,TYU-82,161.72205463176783,,FALSE,TRUE,TRUE,FALSE,FALSE,TRUE,TRUE,TRUE,TRUE,FALSE,FALSE,TRUE
﻿1663903,Floors,Generic 300mm,L1,Pass,,CDF-86,0,,300,,,,,,,,,,ER-08,,,,,Yes,3038.7999999999997,,TYO-25,448.79999999999995,,FALSE,FALSE,TRUE,TRUE,TRUE,TRUE,FALSE,TRUE,FALSE,TRUE,FALSE,TRUE
﻿1664032,Floors,Concrete 250mm,L2,Pass,,CDF-72,0,,250,,,,,,,,,,TYU-872,,,,,Yes,3065.9249999999997,,SF-02,378.33750000000003,,FALSE,FALSE,TRUE,TRUE,TRUE,TRUE,FALSE,TRUE,FALSE,TRUE,FALSE,TRUE
﻿1666313,Floors,Generic 300mm,L1,Pass,,CDF-86,0,,300,,,,,,,,,,ER-08,,,,,Yes,3038.7999999999997,,TYO-25,448.79999999999995,,FALSE,FALSE,TRUE,TRUE,TRUE,TRUE,FALSE,TRUE,FALSE,TRUE,FALSE,TRUE
﻿1666328,Floors,Concrete 250mm,L2,Pass,,CDF-72,0,,250,,,,,,,,,,TYU-872,,,,,Yes,3065.9250000000002,,SF-02,378.33750000000009,,FALSE,FALSE,TRUE,TRUE,TRUE,TRUE,FALSE,TRUE,FALSE,TRUE,FALSE,TRUE
﻿1666397,Floors,Generic 300mm,L1,Pass,,CDF-86,0,,300,,,,,,,,,,ER-08,,,,,Yes,3038.7999999999997,,TYO-25,448.7999999999999,,FALSE,FALSE,TRUE,TRUE,TRUE,TRUE,FALSE,TRUE,FALSE,TRUE,FALSE,TRUE
﻿1666412,Floors,Concrete 250mm,L2,Pass,,CDF-72,0,,250,,,,,,,,,,TYU-872,,,,,Yes,3065.9250000000002,,SF-02,378.33750000000015,,FALSE,FALSE,TRUE,TRUE,TRUE,TRUE,FALSE,TRUE,FALSE,TRUE,FALSE,TRUE
﻿1666483,Floors,Generic 300mm,L1,Pass,,CDF-86,0,,300,,,,,,,,,,ER-08,,,,,Yes,15081.324264853185,,TYO-25,2246.5068536604308,,FALSE,FALSE,TRUE,TRUE,TRUE,TRUE,FALSE,TRUE,FALSE,TRUE,FALSE,TRUE
﻿1666498,Floors,Concrete 250mm,L2,Pass,,CDF-72,0,,250,,,,,,,,,,TYU-872,,,,,Yes,6859.2737989700672,,SF-02,849.84223133265573,,FALSE,FALSE,TRUE,TRUE,TRUE,TRUE,FALSE,TRUE,FALSE,TRUE,FALSE,TRUE
﻿1666569,Floors,Generic 300mm,L1,Pass,,CDF-86,0,,300,,,,,,,,,,ER-08,,,,,Yes,13228.300404095766,,TYO-25,1969.5031090758177,,FALSE,FALSE,TRUE,TRUE,TRUE,TRUE,FALSE,TRUE,FALSE,TRUE,FALSE,TRUE
﻿1666584,Floors,Concrete 250mm,L2,Pass,,CDF-72,0,,250,,,,,,,,,,TYU-872,,,,,Yes,3065.9249999999997,,SF-02,378.33749999999992,,FALSE,FALSE,TRUE,TRUE,TRUE,TRUE,FALSE,TRUE,FALSE,TRUE,FALSE,TRUE
﻿1666749,Floors,Generic 300mm,L1,Pass,,CDF-86,0,,300,,,,,,,,,,ER-08,,,,,Yes,3038.8000000000006,,TYO-25,448.80000000000013,,FALSE,FALSE,TRUE,TRUE,TRUE,TRUE,FALSE,TRUE,FALSE,TRUE,FALSE,TRUE
﻿1666764,Floors,Concrete 250mm,L2,Pass,,CDF-72,0,,250,,,,,,,,,,TYU-872,,,,,Yes,3065.9249999999975,,SF-02,378.33749999999975,,FALSE,FALSE,TRUE,TRUE,TRUE,TRUE,FALSE,TRUE,FALSE,TRUE,FALSE,TRUE
﻿1666815,Floors,Generic 300mm,L1,Pass,,CDF-86,0,,300,,,,,,,,,,ER-08,,,,,Yes,15081.324264853183,,TYO-25,2246.5068536604304,,FALSE,FALSE,TRUE,TRUE,TRUE,TRUE,FALSE,TRUE,FALSE,TRUE,FALSE,TRUE
﻿1666830,Floors,Concrete 250mm,L2,Pass,,CDF-72,0,,250,,,,,,,,,,TYU-872,,,,,Yes,6859.2737989700672,,SF-02,849.84223133265596,,FALSE,FALSE,TRUE,TRUE,TRUE,TRUE,FALSE,TRUE,FALSE,TRUE,FALSE,TRUE
﻿1666868,Floors,Generic 300mm,L1,Pass,,CDF-86,0,,300,,,,,,,,,,ER-08,,,,,Yes,13228.300404095762,,TYO-25,1969.5031090758173,,FALSE,FALSE,TRUE,TRUE,TRUE,TRUE,FALSE,TRUE,FALSE,TRUE,FALSE,TRUE
﻿1666883,Floors,Concrete 250mm,L2,Pass,,CDF-72,0,,250,,,,,,,,,,TYU-872,,,,,Yes,3065.9250000000002,,SF-02,378.33750000000009,,FALSE,FALSE,TRUE,TRUE,TRUE,TRUE,FALSE,TRUE,FALSE,TRUE,FALSE,TRUE
﻿1664105,Pipes,Standard,L1,Pass,,VFT-87,2,D=0.1500;D=0.1500,,,14.532099056750535,-7.5035650923092003,2.7500000000000004,,25 mm,8.0000000000000018,,Copper,,,14.532099056750523,-15.503565092309202,2.7500000000000004,,3.866707216411752,Domestic Cold Water,DF-98,0.14592444019349188,,FALSE,TRUE,TRUE,FALSE,TRUE,FALSE,TRUE,TRUE,TRUE,FALSE,FALSE,TRUE
﻿1664123,Pipes,Standard,L1,Fail,Insulation Thickness:lt_min,VFT-87,2,D=0.0400;D=0.0400,,,7.5320990567505524,45.463679324079969,2.7500000000000004,,0 mm,7.0000000000000009,,Copper,,,14.532099056750553,45.463679324079941,2.7500000000000004,,0.84014260153459031,Domestic Hot Water,DF-98,0.0079802428230817454,,FALSE,TRUE,TRUE,FALSE,TRUE,FALSE,TRUE,TRUE,TRUE,FALSE,FALSE,TRUE
﻿1664143,Pipes,Standard,L1,Fail,Insulation Thickness:lt_min,VFT-87,2,D=0.1500;D=0.1500,,,4.1358793330708119,49.473153271476193,2.7500000000000004,,0 mm,21.0,,Copper,,,-16.864120666929189,49.473153271476257,2.7500000000000004,,10.090830581703841,Vent,DF-98,0.38305165550791676,,FALSE,TRUE,TRUE,FALSE,TRUE,FALSE,TRUE,TRUE,TRUE,FALSE,FALSE,TRUE
﻿1664157,Pipes,Standard,L1,Pass,,VFT-87,2,D=0.1500;D=0.1500,,,-19.514450903343668,6.4577193412180955,2.7500000000000004,,25 mm,24.000000000000004,,Copper,,,-19.514450903343707,-17.542280658781909,2.7500000000000004,,11.527166742925097,Domestic Cold Water,DF-98,0.43777332058047591,,FALSE,TRUE,TRUE,FALSE,TRUE,FALSE,TRUE,TRUE,TRUE,FALSE,FALSE,TRUE
﻿1664173,Pipes,Standard,L1,Pass,,VFT-87,2,D=0.0320;D=0.0320,,,4.1358793330708137,-13.940549824680161,2.7500000000000004,,25 mm,11.55395120867645,,Copper,,,-7.4180718756056363,-13.940549824680124,2.7500000000000004,,1.1540386343215205,Domestic Cold Water,DF-98,0.009147156370166061,,FALSE,TRUE,TRUE,FALSE,TRUE,FALSE,TRUE,TRUE,TRUE,FALSE,FALSE,TRUE
﻿1666336,Pipes,Standard,L1,Pass,,VFT-87,2,D=0.1500;D=0.1500,,,102.98035507219976,-36.242145569179556,2.7500000000000004,,25 mm,8.0000000000000018,,Copper,,,102.98035507219974,-44.242145569179556,2.7500000000000004,,3.8667072164117537,Domestic Cold Water,DF-98,0.14592444019349193,,FALSE,TRUE,TRUE,FALSE,TRUE,FALSE,TRUE,TRUE,TRUE,FALSE,FALSE,TRUE
﻿1666338,Pipes,Standard,L1,Fail,Insulation Thickness:lt_min,VFT-87,2,D=0.0400;D=0.0400,,,95.980355072199771,-23.651118347805177,2.7500000000000004,,0 mm,7.0000000000000009,,Copper,,,102.98035507219977,-23.651118347805198,2.7500000000000004,,0.84014260153459031,Domestic Hot Water,DF-98,0.0079802428230815996,,FALSE,TRUE,TRUE,FALSE,TRUE,FALSE,TRUE,TRUE,TRUE,FALSE,FALSE,TRUE
﻿1666340,Pipes,Standard,L1,Fail,Insulation Thickness:lt_min,VFT-87,2,D=0.1500;D=0.1500,,,92.58413534852005,-19.641644400408936,2.7500000000000004,,0 mm,21.0,,Copper,,,71.584135348520036,-19.641644400408872,2.7500000000000004,,10.090830581703846,Vent,DF-98,0.38305165550791692,,FALSE,TRUE,TRUE,FALSE,TRUE,FALSE,TRUE,TRUE,TRUE,FALSE,FALSE,TRUE
﻿1666342,Pipes,Standard,L1,Pass,,VFT-87,2,D=0.1500;D=0.1500,,,68.93380511210556,-22.280861135652255,2.7500000000000004,,25 mm,24.000000000000004,,Copper,,,68.933805112105517,-46.280861135652259,2.7500000000000004,,11.527166742925095,Domestic Cold Water,DF-98,0.43777332058047635,,FALSE,TRUE,TRUE,FALSE,TRUE,FALSE,TRUE,TRUE,TRUE,FALSE,FALSE,TRUE
﻿1666344,Pipes,Standard,L1,Pass,,VFT-87,2,D=0.0320;D=0.0320,,,92.58413534852005,-42.679130301550515,2.7500000000000004,,25 mm,11.55395120867645,,Copper,,,81.030184139843598,-42.679130301550487,2.7500000000000004,,1.1540386343215174,Domestic Cold Water,DF-98,0.0091471563701664652,,FALSE,TRUE,TRUE,FALSE,TRUE,FALSE,TRUE,TRUE,TRUE,FALSE,FALSE,TRUE
﻿1666417,Pipes,Standard,L1,Pass,,VFT-87,2,D=0.1500;D=0.1500,,,102.9803550721999,50.757854430820458,2.7500000000000004,,25 mm,8.0000000000000018,,Copper,,,102.98035507219988,42.757854430820458,2.7500000000000004,,3.8667072164117537,Domestic Cold Water,DF-98,0.14592444019349193,,FALSE,TRUE,TRUE,FALSE,TRUE,FALSE,TRUE,TRUE,TRUE,FALSE,FALSE,TRUE
﻿1666419,Pipes,Standard,L1,Fail,Insulation Thickness:lt_min,VFT-87,2,D=0.0400;D=0.0400,,,95.980355072199913,63.348881652194841,2.7500000000000004,,0 mm,7.0000000000000009,,Copper,,,102.98035507219991,63.348881652194812,2.7500000000000004,,0.84014260153459064,Domestic Hot Water,DF-98,0.0079802428230817454,,FALSE,TRUE,TRUE,FALSE,TRUE,FALSE,TRUE,TRUE,TRUE,FALSE,FALSE,TRUE
﻿1666421,Pipes,Standard,L1,Fail,Insulation Thickness:lt_min,VFT-87,2,D=0.1500;D=0.1500,,,92.584135348520192,67.358355599591064,2.7500000000000004,,0 mm,21.0,,Copper,,,71.584135348520178,67.358355599591135,2.7500000000000004,,10.090830581703846,Vent,DF-98,0.38305165550791687,,FALSE,TRUE,TRUE,FALSE,TRUE,FALSE,TRUE,TRUE,TRUE,FALSE,FALSE,TRUE
﻿1666423,Pipes,Standard,L1,Pass,,VFT-87,2,D=0.1500;D=0.1500,,,68.933805112105688,64.719138864347755,2.7500000000000004,,25 mm,24.000000000000004,,Copper,,,68.933805112105659,40.719138864347755,2.7500000000000004,,11.527166742925095,Domestic Cold Water,DF-98,0.43777332058047635,,FALSE,TRUE,TRUE,FALSE,TRUE,FALSE,TRUE,TRUE,TRUE,FALSE,FALSE,TRUE
﻿1666425,Pipes,Standard,L1,Pass,,VFT-87,2,D=0.0320;D=0.0320,,,92.584135348520192,44.320869698449499,2.7500000000000004,,25 mm,11.55395120867645,,Copper,,,81.03018413984374,44.320869698449528,2.7500000000000004,,1.1540386343215174,Domestic Cold Water,DF-98,0.0091471563701664652,,FALSE,TRUE,TRUE,FALSE,TRUE,FALSE,TRUE,TRUE,TRUE,FALSE,FALSE,TRUE
﻿1666503,Pipes,Standard,L1,Pass,,VFT-87,2,D=0.1500;D=0.1500,,,-43.808621167570607,50.757854430820458,2.7500000000000004,,25 mm,8.0000000000000018,,Copper,,,-43.808621167570628,42.757854430820458,2.7500000000000004,,3.8667072164117511,Domestic Cold Water,DF-98,0.1459244401934921,,FALSE,TRUE,TRUE,FALSE,TRUE,FALSE,TRUE,TRUE,TRUE,FALSE,FALSE,TRUE
﻿1666505,Pipes,Standard,L1,Fail,Insulation Thickness:lt_min,VFT-87,2,D=0.0400;D=0.0400,,,-104.53990307823015,105.97077826983602,2.7500000000000004,,0 mm,7.0000000000000009,,Copper,,,-97.539903078230139,105.970778269836,2.7500000000000004,,0.84014260153459386,Domestic Hot Water,DF-98,0.0079802428230814539,,FALSE,TRUE,TRUE,FALSE,TRUE,FALSE,TRUE,TRUE,TRUE,FALSE,FALSE,TRUE
﻿1666507,Pipes,Standard,L1,Fail,Insulation Thickness:lt_min,VFT-87,2,D=0.1500;D=0.1500,,,-107.93612280190986,109.98025221723226,2.7500000000000004,,0 mm,21.0,,Copper,,,-128.93612280190987,109.98025221723233,2.7500000000000004,,10.090830581703852,Vent,DF-98,0.38305165550791653,,FALSE,TRUE,TRUE,FALSE,TRUE,FALSE,TRUE,TRUE,TRUE,FALSE,FALSE,TRUE
﻿1666509,Pipes,Standard,L1,Pass,,VFT-87,2,D=0.1500;D=0.1500,,,-131.58645303832435,107.34103548198895,2.7500000000000004,,25 mm,24.000000000000004,,Copper,,,-131.58645303832441,83.341035481988939,2.7500000000000004,,11.527166742925102,Domestic Cold Water,DF-98,0.43777332058047597,,FALSE,TRUE,TRUE,FALSE,TRUE,FALSE,TRUE,TRUE,TRUE,FALSE,FALSE,TRUE
﻿1666511,Pipes,Standard,L1,Pass,,VFT-87,2,D=0.0320;D=0.0320,,,-107.93612280190986,44.320869698449513,2.7500000000000004,,25 mm,11.55395120867645,,Copper,,,-119.49007401058633,44.320869698449549,2.7500000000000004,,1.1540386343215174,Domestic Cold Water,DF-98,0.0091471563701664652,,FALSE,TRUE,TRUE,FALSE,TRUE,FALSE,TRUE,TRUE,TRUE,FALSE,FALSE,TRUE
﻿1666589,Pipes,Standard,L1,Pass,,VFT-87,2,D=0.1500;D=0.1500,,,-35.700509978133802,-57.949833616806487,2.7500000000000004,,25 mm,8.0000000000000018,,Copper,,,-35.700509978133809,-65.949833616806487,2.7500000000000004,,3.8667072164117511,Domestic Cold Water,DF-98,0.14592444019349213,,FALSE,TRUE,TRUE,FALSE,TRUE,FALSE,TRUE,TRUE,TRUE,FALSE,FALSE,TRUE
﻿1666591,Pipes,Standard,L1,Fail,Insulation Thickness:lt_min,VFT-87,2,D=0.0400;D=0.0400,,,-42.70050997813378,-9.3987379561220674,2.7500000000000004,,0 mm,7.0000000000000009,,Copper,,,-35.70050997813378,-9.3987379561220887,2.7500000000000004,,0.84014260153458975,Domestic Hot Water,DF-98,0.0079802428230816118,,FALSE,TRUE,TRUE,FALSE,TRUE,FALSE,TRUE,TRUE,TRUE,FALSE,FALSE,TRUE
﻿1666593,Pipes,Standard,L1,Fail,Insulation Thickness:lt_min,VFT-87,2,D=0.1500;D=0.1500,,,-95.93612280190986,-5.3892640087258306,2.7500000000000004,,0 mm,21.0,,Copper,,,-116.93612280190986,-5.3892640087257631,2.7500000000000004,,10.090830581703845,Vent,DF-98,0.38305165550791576,,FALSE,TRUE,TRUE,FALSE,TRUE,FALSE,TRUE,TRUE,TRUE,FALSE,FALSE,TRUE
﻿1666595,Pipes,Standard,L1,Pass,,VFT-87,2,D=0.1500;D=0.1500,,,-119.58645303832435,-43.98854918327919,2.7500000000000004,,25 mm,24.000000000000004,,Copper,,,-119.58645303832438,-67.98854918327919,2.7500000000000004,,11.527166742925102,Domestic Cold Water,DF-98,0.43777332058047597,,FALSE,TRUE,TRUE,FALSE,TRUE,FALSE,TRUE,TRUE,TRUE,FALSE,FALSE,TRUE
﻿1666597,Pipes,Standard,L1,Pass,,VFT-87,2,D=0.0320;D=0.0320,,,-95.93612280190986,-64.386818349177432,2.7500000000000004,,25 mm,11.55395120867645,,Copper,,,-107.49007401058631,-64.386818349177403,2.7500000000000004,,1.1540386343215174,Domestic Cold Water,DF-98,0.0091471563701664652,,FALSE,TRUE,TRUE,FALSE,TRUE,FALSE,TRUE,TRUE,TRUE,FALSE,FALSE,TRUE
﻿1666659,Pipes,Standard,L1,Pass,,VFT-87,2,D=0.1500;D=0.1500,,,50.236580730240306,144.80305632863121,2.7500000000000004,,25 mm,8.0000000000000018,,Copper,,,50.236580730240291,136.80305632863119,2.7500000000000004,,3.8667072164117511,Domestic Cold Water,DF-98,0.1459244401934921,,FALSE,TRUE,TRUE,FALSE,TRUE,FALSE,TRUE,TRUE,TRUE,FALSE,FALSE,TRUE
﻿1666687,Pipes,Standard,L1,Pass,,VFT-87,2,D=0.1500;D=0.1500,,,-192.93722642188357,174.66104546289301,2.7500000000000004,,25 mm,8.0000000000000018,,Copper,,,-192.93722642188357,166.66104546289301,2.7500000000000004,,3.866707216411764,Domestic Cold Water,DF-98,0.14592444019349488,,FALSE,TRUE,TRUE,FALSE,TRUE,FALSE,TRUE,TRUE,TRUE,FALSE,FALSE,TRUE
﻿1666713,Pipes,Standard,L1,Pass,,VFT-87,2,D=0.1500;D=0.1500,,,-240.73335041548265,-50.202038593757244,2.7500000000000004,,25 mm,8.0000000000000018,,Copper,,,-240.73335041548265,-58.202038593757244,2.7500000000000004,,3.866707216411756,Domestic Cold Water,DF-98,0.14592444019349457,,FALSE,TRUE,TRUE,FALSE,TRUE,FALSE,TRUE,TRUE,TRUE,FALSE,FALSE,TRUE
﻿1666772,Pipes,Standard,L1,Pass,,VFT-87,2,D=0.1500;D=0.1500,,,304.35858099293364,-268.46450157226468,2.7500000000000004,,25 mm,8.0000000000000018,,Copper,,,304.35858099293364,-276.46450157226474,2.7500000000000004,,3.866707216411764,Domestic Cold Water,DF-98,0.14592444019349488,,FALSE,TRUE,TRUE,FALSE,TRUE,FALSE,TRUE,TRUE,TRUE,FALSE,FALSE,TRUE
﻿1666774,Pipes,Standard,L1,Fail,Insulation Thickness:lt_min,VFT-87,2,D=0.0400;D=0.0400,,,297.3585809929337,-215.4972571558755,2.7500000000000004,,0 mm,7.0000000000000009,,Copper,,,304.3585809929337,-215.49725715587556,2.7500000000000004,,0.84014260153459386,Domestic Hot Water,DF-98,0.0079802428230814539,,FALSE,TRUE,TRUE,FALSE,TRUE,FALSE,TRUE,TRUE,TRUE,FALSE,FALSE,TRUE
﻿1666776,Pipes,Standard,L1,Fail,Insulation Thickness:lt_min,VFT-87,2,D=0.1500;D=0.1500,,,293.96236126925396,-211.48778320847933,2.7500000000000004,,0 mm,21.0,,Copper,,,272.96236126925396,-211.48778320847927,2.7500000000000004,,10.090830581703855,Vent,DF-98,0.38305165550792347,,FALSE,TRUE,TRUE,FALSE,TRUE,FALSE,TRUE,TRUE,TRUE,FALSE,FALSE,TRUE
﻿1666778,Pipes,Standard,L1,Pass,,VFT-87,2,D=0.1500;D=0.1500,,,270.31203103283946,-254.5032171387374,2.7500000000000004,,25 mm,24.000000000000004,,Copper,,,270.3120310328394,-278.5032171387374,2.7500000000000004,,11.527166742925113,Domestic Cold Water,DF-98,0.43777332058048402,,FALSE,TRUE,TRUE,FALSE,TRUE,FALSE,TRUE,TRUE,TRUE,FALSE,FALSE,TRUE
﻿1666780,Pipes,Standard,L1,Pass,,VFT-87,2,D=0.0320;D=0.0320,,,293.96236126925396,-274.90148630463568,2.7500000000000004,,25 mm,11.55395120867645,,Copper,,,282.40841006057752,-274.90148630463563,2.7500000000000004,,1.1540386343214941,Domestic Cold Water,DF-98,0.0091471563701649196,,FALSE,TRUE,TRUE,FALSE,TRUE,FALSE,TRUE,TRUE,TRUE,FALSE,FALSE,TRUE
﻿1666799,Pipes,Standard,L1,Pass,,VFT-87,2,D=0.1500;D=0.1500,,,358.76028704828877,-283.24179761560777,2.7500000000000004,,25 mm,24.000000000000004,,Copper,,,358.76028704828866,-307.24179761560777,2.7500000000000004,,11.527166742925155,Domestic Cold Water,DF-98,0.43777332058046836,,FALSE,TRUE,TRUE,FALSE,TRUE,FALSE,TRUE,TRUE,TRUE,FALSE,FALSE,TRUE
﻿1666807,Pipes,Standard,L1,Pass,,VFT-87,2,D=0.1500;D=0.1500,,,358.76028704828889,-196.24179761560771,2.7500000000000004,,25 mm,24.000000000000004,,Copper,,,358.76028704828883,-220.24179761560774,2.7500000000000004,,11.527166742925155,Domestic Cold Water,DF-98,0.43777332058046836,,FALSE,TRUE,TRUE,FALSE,TRUE,FALSE,TRUE,TRUE,TRUE,FALSE,FALSE,TRUE
﻿1666835,Pipes,Standard,L1,Pass,,VFT-87,2,D=0.1500;D=0.1500,,,246.01786076861254,-210.20308204913508,2.7500000000000004,,25 mm,8.0000000000000018,,Copper,,,246.01786076861254,-218.20308204913508,2.7500000000000004,,3.8667072164117471,Domestic Cold Water,DF-98,0.14592444019349426,,FALSE,TRUE,TRUE,FALSE,TRUE,FALSE,TRUE,TRUE,TRUE,FALSE,FALSE,TRUE
﻿1666837,Pipes,Standard,L1,Fail,Insulation Thickness:lt_min,VFT-87,2,D=0.0400;D=0.0400,,,185.286578857953,-154.99015821011949,2.7500000000000004,,0 mm,7.0000000000000009,,Copper,,,192.286578857953,-154.99015821011952,2.7500000000000004,,0.84014260153459386,Domestic Hot Water,DF-98,0.0079802428230814539,,FALSE,TRUE,TRUE,FALSE,TRUE,FALSE,TRUE,TRUE,TRUE,FALSE,FALSE,TRUE
﻿1666839,Pipes,Standard,L1,Fail,Insulation Thickness:lt_min,VFT-87,2,D=0.1500;D=0.1500,,,181.89035913427327,-150.98068426272326,2.7500000000000004,,0 mm,21.0,,Copper,,,160.89035913427327,-150.98068426272317,2.7500000000000004,,10.090830581703852,Vent,DF-98,0.38305165550791653,,FALSE,TRUE,TRUE,FALSE,TRUE,FALSE,TRUE,TRUE,TRUE,FALSE,FALSE,TRUE
﻿1666841,Pipes,Standard,L1,Pass,,VFT-87,2,D=0.1500;D=0.1500,,,158.24002889785879,-153.61990099796657,2.7500000000000004,,25 mm,24.000000000000004,,Copper,,,158.24002889785876,-177.61990099796657,2.7500000000000004,,11.527166742925104,Domestic Cold Water,DF-98,0.43777332058048374,,FALSE,TRUE,TRUE,FALSE,TRUE,FALSE,TRUE,TRUE,TRUE,FALSE,FALSE,TRUE
﻿1666843,Pipes,Standard,L1,Pass,,VFT-87,2,D=0.0320;D=0.0320,,,181.89035913427327,-216.64006678150602,2.7500000000000004,,25 mm,11.55395120867645,,Copper,,,170.33640792559683,-216.64006678150596,2.7500000000000004,,1.1540386343214941,Domestic Cold Water,DF-98,0.0091471563701649196,,FALSE,TRUE,TRUE,FALSE,TRUE,FALSE,TRUE,TRUE,TRUE,FALSE,FALSE,TRUE
﻿1666888,Pipes,Standard,L1,Pass,,VFT-87,2,D=0.1500;D=0.1500,,,254.12597195804935,-318.91077009676195,2.7500000000000004,,25 mm,8.0000000000000018,,Copper,,,254.12597195804935,-326.91077009676195,2.7500000000000004,,3.8667072164117471,Domestic Cold Water,DF-98,0.14592444019349426,,FALSE,TRUE,TRUE,FALSE,TRUE,FALSE,TRUE,TRUE,TRUE,FALSE,FALSE,TRUE
﻿1666890,Pipes,Standard,L1,Fail,Insulation Thickness:lt_min,VFT-87,2,D=0.0400;D=0.0400,,,247.12597195804938,-270.35967443607757,2.7500000000000004,,0 mm,7.0000000000000009,,Copper,,,254.12597195804938,-270.35967443607757,2.7500000000000004,,0.84014260153459386,Domestic Hot Water,DF-98,0.0079802428230814539,,FALSE,TRUE,TRUE,FALSE,TRUE,FALSE,TRUE,TRUE,TRUE,FALSE,FALSE,TRUE
﻿1666892,Pipes,Standard,L1,Fail,Insulation Thickness:lt_min,VFT-87,2,D=0.1500;D=0.1500,,,193.8903591342733,-266.35020048868137,2.7500000000000004,,0 mm,21.0,,Copper,,,172.89035913427327,-266.35020048868131,2.7500000000000004,,10.090830581703855,Vent,DF-98,0.38305165550792347,,FALSE,TRUE,TRUE,FALSE,TRUE,FALSE,TRUE,TRUE,TRUE,FALSE,FALSE,TRUE
﻿1666894,Pipes,Standard,L1,Pass,,VFT-87,2,D=0.1500;D=0.1500,,,170.24002889785879,-304.94948566323467,2.7500000000000004,,25 mm,24.000000000000004,,Copper,,,170.24002889785874,-328.94948566323473,2.7500000000000004,,11.527166742925113,Domestic Cold Water,DF-98,0.43777332058048402,,FALSE,TRUE,TRUE,FALSE,TRUE,FALSE,TRUE,TRUE,TRUE,FALSE,FALSE,TRUE
﻿1666896,Pipes,Standard,L1,Pass,,VFT-87,2,D=0.0320;D=0.0320,,,193.8903591342733,-325.34775482913295,2.7500000000000004,,25 mm,11.55395120867645,,Copper,,,182.33640792559683,-325.3477548291329,2.7500000000000004,,1.1540386343215707,Domestic Cold Water,DF-98,0.009147156370168134,,FALSE,TRUE,TRUE,FALSE,TRUE,FALSE,TRUE,TRUE,TRUE,FALSE,FALSE,TRUE
﻿1667162,Pipes,Standard,L1,Fail,Insulation Thickness:lt_min,VFT-87,2,D=0.1500;D=0.1500,,,154.29318569551859,-535.22089639194928,2.7500000000000004,,0 mm,280.55684183500364,,Copper,,,-123.53329624066451,-496.17493071820837,2.7500000000000004,,134.36112318836939,Domestic Hot Water,DF-98,5.1175125109037598,,FALSE,TRUE,TRUE,FALSE,TRUE,FALSE,TRUE,TRUE,TRUE,FALSE,FALSE,TRUE
﻿1667184,Pipes,Standard,L1,Fail,Insulation Thickness:lt_min,VFT-87,2,D=0.1500;D=0.1500,,,-408.06725054005602,-456.18629127979892,2.7500000000000004,,0 mm,114.86552838719129,,Copper,,,-408.06725054005625,-571.05181966699024,2.7500000000000004,,55.031648153258367,Domestic Hot Water,DF-98,2.0952109909287793,,FALSE,TRUE,TRUE,FALSE,TRUE,FALSE,TRUE,TRUE,TRUE,FALSE,FALSE,TRUE
﻿1663926,Walls,Generic - 200mm,L1,Pass,,WL-96,0,,,"Concrete, 200mm thick",-23.461294105683823,-19.891371282184636,0.0,60,,74.376217195014775,,,AV-05,,-23.461294105683823,54.484845912830146,0.0,,568.02925068211266,,G-06,53.676876380411436,200,FALSE,TRUE,FALSE,TRUE,TRUE,TRUE,FALSE,TRUE,TRUE,TRUE,FALSE,FALSE
﻿1663930,Walls,Generic - 200mm,L1,Pass,,WL-96,0,,,"Concrete, 200mm thick",20.538705894316184,-19.89137128218464,0.0,60,,44.000000000000007,,,AV-05,,-23.461294105683823,-19.89137128218464,0.0,,336.21999999999974,,G-06,31.715999999999667,200,FALSE,TRUE,FALSE,TRUE,TRUE,TRUE,FALSE,TRUE,TRUE,TRUE,FALSE,FALSE
﻿1663934,Walls,Generic - 300mm,L1,Pass,,DF-08,0,,,"Blockwork, 300mm thick",20.538705894316184,54.484845912830146,0.0,240,,74.376217195014775,,,DR-89,,20.538705894316184,-19.89137128218464,0.0,,582.09949412111541,,G-09,80.299314570616261,300,FALSE,TRUE,FALSE,TRUE,TRUE,TRUE,FALSE,TRUE,TRUE,TRUE,FALSE,FALSE
﻿1663938,Walls,Generic - 150mm,L1,Pass,,DR-96,0,,,"Blockwork,150mm thick",-23.461294105683823,54.484845912830146,0.0,90,,44.000000000000007,,,DR-95,,20.538705894316184,54.484845912830146,0.0,,329.20500000000015,,G-04,23.625000000000089,150,FALSE,TRUE,FALSE,TRUE,TRUE,TRUE,FALSE,TRUE,TRUE,TRUE,FALSE,FALSE
﻿1666319,Walls,Generic - 200mm,L1,Pass,,WL-96,0,,,"Concrete, 200mm thick",64.986961909765398,-48.62995175905499,0.0,60,,34.0,,,AV-05,,64.986961909765398,-14.62995175905499,0.0,,261.16999999999979,,G-06,24.605999999999739,200,FALSE,TRUE,FALSE,TRUE,TRUE,TRUE,FALSE,TRUE,TRUE,TRUE,FALSE,FALSE
﻿1666320,Walls,Generic - 200mm,L1,Pass,,WL-96,0,,,"Concrete, 200mm thick",108.9869619097654,-48.629951759054997,0.0,60,,44.000000000000007,,,AV-05,,64.986961909765398,-48.629951759054997,0.0,,336.21999999999969,,G-06,31.715999999999653,200,FALSE,TRUE,FALSE,TRUE,TRUE,TRUE,FALSE,TRUE,TRUE,TRUE,FALSE,FALSE
﻿1666321,Walls,Generic - 300mm,L1,Pass,,DF-08,0,,,"Blockwork, 300mm thick",108.9869619097654,-14.629951759054995,0.0,240,,34.000000000000007,,,DR-89,,108.9869619097654,-48.629951759054997,0.0,,267.16500000000013,,G-09,36.693000000000147,300,FALSE,TRUE,FALSE,TRUE,TRUE,TRUE,FALSE,TRUE,TRUE,TRUE,FALSE,FALSE
﻿1666322,Walls,Generic - 150mm,L1,Pass,,DR-96,0,,,"Blockwork,150mm thick",64.986961909765398,-14.629951759054991,0.0,90,,44.000000000000007,,,DR-95,,108.9869619097654,-14.62995175905499,0.0,,329.20500000000004,,G-04,23.625000000000082,150,FALSE,TRUE,FALSE,TRUE,TRUE,TRUE,FALSE,TRUE,TRUE,TRUE,FALSE,FALSE
﻿1666403,Walls,Generic - 200mm,L1,Pass,,WL-96,0,,,"Concrete, 200mm thick",64.98696190976554,38.370048240945025,0.0,60,,34.0,,,AV-05,,64.98696190976554,72.370048240945025,0.0,,261.1699999999999,,G-06,24.605999999999742,200,FALSE,TRUE,FALSE,TRUE,TRUE,TRUE,FALSE,TRUE,TRUE,TRUE,FALSE,FALSE
﻿1666404,Walls,Generic - 200mm,L1,Pass,,WL-96,0,,,"Concrete, 200mm thick",108.98696190976554,38.370048240945017,0.0,60,,44.000000000000007,,,AV-05,,64.98696190976554,38.370048240945017,0.0,,336.2200000000002,,G-06,31.716000000000342,200,FALSE,TRUE,FALSE,TRUE,TRUE,TRUE,FALSE,TRUE,TRUE,TRUE,FALSE,FALSE
﻿1666405,Walls,Generic - 300mm,L1,Pass,,DF-08,0,,,"Blockwork, 300mm thick",108.98696190976554,72.37004824094501,0.0,240,,34.000000000000007,,,DR-89,,108.98696190976554,38.370048240945017,0.0,,267.16500000000019,,G-09,36.693000000000147,300,FALSE,TRUE,FALSE,TRUE,TRUE,TRUE,FALSE,TRUE,TRUE,TRUE,FALSE,FALSE
﻿1666406,Walls,Generic - 150mm,L1,Pass,,DR-96,0,,,"Blockwork,150mm thick",64.986961909765526,72.370048240945025,0.0,90,,44.000000000000007,,,DR-95,,108.98696190976554,72.370048240945025,0.0,,329.20500000000004,,G-04,23.625000000000085,150,FALSE,TRUE,FALSE,TRUE,TRUE,TRUE,FALSE,TRUE,TRUE,TRUE,FALSE,FALSE
﻿1666489,Walls,Generic - 200mm,L1,Pass,,WL-96,0,,,"Concrete, 200mm thick",-135.53329624066453,38.370048240945017,0.0,60,,76.621896617641212,,,AV-05,,-135.53329624066453,114.99194485858622,0.0,,585.09641429407407,,G-06,55.293765564703463,200,FALSE,TRUE,FALSE,TRUE,TRUE,TRUE,FALSE,TRUE,TRUE,TRUE,FALSE,FALSE
﻿1666490,Walls,Generic - 200mm,L1,Pass,,WL-96,0,,,"Concrete, 200mm thick",-37.802014330004965,38.370048240945017,0.0,60,,97.731281910659547,,,AV-05,,-135.53329624066453,38.370048240945017,0.0,,744.57774252101296,,G-06,70.40252297567514,200,FALSE,TRUE,FALSE,TRUE,TRUE,TRUE,FALSE,TRUE,TRUE,TRUE,FALSE,FALSE
﻿1666491,Walls,Generic - 300mm,L1,Pass,,DF-08,0,,,"Blockwork, 300mm thick",-37.802014330004965,114.99194485858621,0.0,240,,76.621896617641198,,,DR-89,,-37.802014330004965,38.370048240945017,0.0,,599.61579361760164,,G-09,82.724648347052806,300,FALSE,TRUE,FALSE,TRUE,TRUE,TRUE,FALSE,TRUE,TRUE,TRUE,FALSE,FALSE
﻿1666492,Walls,Generic - 150mm,L1,Pass,,DR-96,0,,,"Blockwork,150mm thick",-135.53329624066453,114.99194485858622,0.0,90,,97.731281910659561,,,DR-95,,-37.802014330004965,114.99194485858622,0.0,,732.18961432994683,,G-04,52.639892231756363,150,FALSE,TRUE,FALSE,TRUE,TRUE,TRUE,FALSE,TRUE,TRUE,TRUE,FALSE,FALSE
﻿1666575,Walls,Generic - 200mm,L1,Pass,,WL-96,0,,,"Concrete, 200mm thick",-123.53329624066451,-70.337639806681906,0.0,60,,69.960068439310049,,,AV-05,,-123.53329624066451,-0.37757136737186814,0.0,,534.46652013875746,,G-06,50.497249276304885,200,FALSE,TRUE,FALSE,TRUE,TRUE,TRUE,FALSE,TRUE,TRUE,TRUE,FALSE,FALSE
﻿1666576,Walls,Generic - 200mm,L1,Pass,,WL-96,0,,,"Concrete, 200mm thick",-29.693903140568153,-70.337639806681935,0.0,60,,93.839393100096359,,,AV-05,,-123.53329624066451,-70.337639806681935,0.0,,714.99938756073175,,G-06,67.600363032068657,200,FALSE,TRUE,FALSE,TRUE,TRUE,TRUE,FALSE,TRUE,TRUE,TRUE,FALSE,FALSE
﻿1666577,Walls,Generic - 300mm,L1,Pass,,DF-08,0,,,"Blockwork, 300mm thick",-29.693903140568153,-0.37757136737186814,0.0,240,,69.960068439310064,,,DR-89,,-29.693903140568153,-70.337639806681935,0.0,,547.65353382661851,,G-09,75.529873914455138,300,FALSE,TRUE,FALSE,TRUE,TRUE,TRUE,FALSE,TRUE,TRUE,TRUE,FALSE,FALSE
﻿1666578,Walls,Generic - 150mm,L1,Pass,,DR-96,0,,,"Blockwork,150mm thick",-123.53329624066453,-0.3775713673718703,0.0,90,,93.839393100096373,,,DR-95,,-29.693903140568153,-0.3775713673718657,0.0,,703.00044825072268,,G-04,50.538272274051863,150,FALSE,TRUE,FALSE,TRUE,TRUE,TRUE,FALSE,TRUE,TRUE,TRUE,FALSE,FALSE
﻿1666657,Walls,Generic - 300mm,L1,Pass,,DF-08,0,,,"Blockwork, 300mm thick",56.243187567805954,209.03714675639694,0.0,240,,76.621896617641198,,,DR-89,,56.243187567805954,132.41525013875574,0.0,,599.81079361760158,,G-09,82.751648347052793,300,FALSE,TRUE,FALSE,TRUE,TRUE,TRUE,FALSE,TRUE,TRUE,TRUE,FALSE,FALSE
﻿1666685,Walls,Generic - 300mm,L1,Pass,,DF-08,0,,,"Blockwork, 300mm thick",-186.93061958431792,238.89513589065874,0.0,240,,76.621896617641198,,,DR-89,,-186.93061958431792,162.27323927301757,0.0,,599.81079361760135,,G-09,82.751648347052765,300,FALSE,TRUE,FALSE,TRUE,TRUE,TRUE,FALSE,TRUE,TRUE,TRUE,FALSE,FALSE
﻿1666711,Walls,Generic - 300mm,L1,Pass,,DF-08,0,,,"Blockwork, 300mm thick",-234.72674357791698,14.03205183400849,0.0,240,,76.621896617641198,,,DR-89,,-234.72674357791698,-62.589844783632707,0.0,,599.81079361760158,,G-09,82.751648347052807,300,FALSE,TRUE,FALSE,TRUE,TRUE,TRUE,FALSE,TRUE,TRUE,TRUE,FALSE,FALSE
﻿1666755,Walls,Generic - 200mm,L1,Pass,,WL-96,0,,,"Concrete, 200mm thick",266.36518783049934,-280.85230776214013,0.0,60,,74.376217195014775,,,AV-05,,266.36518783049934,-206.47609056712534,0.0,,568.02925068211073,,G-06,53.676876380407748,200,FALSE,TRUE,FALSE,TRUE,TRUE,TRUE,FALSE,TRUE,TRUE,TRUE,FALSE,FALSE
﻿1666756,Walls,Generic - 200mm,L1,Pass,,WL-96,0,,,"Concrete, 200mm thick",310.36518783049934,-280.85230776214019,0.0,60,,44.000000000000007,,,AV-05,,266.36518783049934,-280.85230776214019,0.0,,336.21999999999872,,G-06,31.715999999998264,200,FALSE,TRUE,FALSE,TRUE,TRUE,TRUE,FALSE,TRUE,TRUE,TRUE,FALSE,FALSE
﻿1666757,Walls,Generic - 300mm,L1,Pass,,DF-08,0,,,"Blockwork, 300mm thick",310.36518783049934,-206.47609056712537,0.0,240,,74.376217195014775,,,DR-89,,310.36518783049934,-280.85230776214019,0.0,,582.09949412111553,,G-09,80.299314570616275,300,FALSE,TRUE,FALSE,TRUE,TRUE,TRUE,FALSE,TRUE,TRUE,TRUE,FALSE,FALSE
﻿1666758,Walls,Generic - 150mm,L1,Pass,,DR-96,0,,,"Blockwork,150mm thick",266.36518783049928,-206.47609056712534,0.0,90,,44.000000000000007,,,DR-95,,310.36518783049934,-206.47609056712534,0.0,,329.20499999999987,,G-04,23.625000000000068,150,FALSE,TRUE,FALSE,TRUE,TRUE,TRUE,FALSE,TRUE,TRUE,TRUE,FALSE,FALSE
﻿1666797,Walls,Generic - 200mm,L1,Pass,,WL-96,0,,,"Concrete, 200mm thick",354.81344384594854,-309.5908882390105,0.0,60,,34.0,,,AV-05,,354.81344384594854,-275.5908882390105,0.0,,259.84000000000179,,G-06,24.480000000002914,200,FALSE,TRUE,FALSE,TRUE,TRUE,TRUE,FALSE,TRUE,TRUE,TRUE,FALSE,FALSE
﻿1666805,Walls,Generic - 200mm,L1,Pass,,WL-96,0,,,"Concrete, 200mm thick",354.81344384594865,-222.59088823901047,0.0,60,,34.0,,,AV-05,,354.81344384594865,-188.59088823901047,0.0,,259.84000000000179,,G-06,24.480000000002917,200,FALSE,TRUE,FALSE,TRUE,TRUE,TRUE,FALSE,TRUE,TRUE,TRUE,FALSE,FALSE
﻿1666821,Walls,Generic - 200mm,L1,Pass,,WL-96,0,,,"Concrete, 200mm thick",154.29318569551864,-222.59088823901047,0.0,60,,76.621896617641212,,,AV-05,,154.29318569551864,-145.9689916213693,0.0,,585.09641429407384,,G-06,55.293765564703442,200,FALSE,TRUE,FALSE,TRUE,TRUE,TRUE,FALSE,TRUE,TRUE,TRUE,FALSE,FALSE
﻿1666822,Walls,Generic - 200mm,L1,Pass,,WL-96,0,,,"Concrete, 200mm thick",252.02446760617818,-222.59088823901047,0.0,60,,97.731281910659547,,,AV-05,,154.29318569551864,-222.59088823901047,0.0,,744.57774252101035,,G-06,70.402522975671076,200,FALSE,TRUE,FALSE,TRUE,TRUE,TRUE,FALSE,TRUE,TRUE,TRUE,FALSE,FALSE
﻿1666823,Walls,Generic - 300mm,L1,Pass,,DF-08,0,,,"Blockwork, 300mm thick",252.02446760617818,-145.9689916213693,0.0,240,,76.621896617641198,,,DR-89,,252.02446760617818,-222.59088823901047,0.0,,599.61579361760141,,G-09,82.724648347052778,300,FALSE,TRUE,FALSE,TRUE,TRUE,TRUE,FALSE,TRUE,TRUE,TRUE,FALSE,FALSE
﻿1666824,Walls,Generic - 150mm,L1,Pass,,DR-96,0,,,"Blockwork,150mm thick",154.29318569551862,-145.9689916213693,0.0,90,,97.731281910659561,,,DR-95,,252.02446760617818,-145.9689916213693,0.0,,732.18961432994683,,G-04,52.639892231756363,150,FALSE,TRUE,FALSE,TRUE,TRUE,TRUE,FALSE,TRUE,TRUE,TRUE,FALSE,FALSE
﻿1666874,Walls,Generic - 200mm,L1,Pass,,WL-96,0,,,"Concrete, 200mm thick",166.29318569551867,-331.29857628663734,0.0,60,,69.960068439310049,,,AV-05,,166.29318569551867,-261.33850784732738,0.0,,534.4665201387553,,G-06,50.49724927630055,200,FALSE,TRUE,FALSE,TRUE,TRUE,TRUE,FALSE,TRUE,TRUE,TRUE,FALSE,FALSE
﻿1666875,Walls,Generic - 200mm,L1,Pass,,WL-96,0,,,"Concrete, 200mm thick",260.13257879561502,-331.29857628663746,0.0,60,,93.839393100096359,,,AV-05,,166.29318569551867,-331.29857628663746,0.0,,714.99938756073664,,G-06,67.600363032077396,200,FALSE,TRUE,FALSE,TRUE,TRUE,TRUE,FALSE,TRUE,TRUE,TRUE,FALSE,FALSE
﻿1666876,Walls,Generic - 300mm,L1,Pass,,DF-08,0,,,"Blockwork, 300mm thick",260.13257879561502,-261.33850784732738,0.0,240,,69.960068439310064,,,DR-89,,260.13257879561502,-331.29857628663746,0.0,,547.65353382661885,,G-09,75.529873914455166,300,FALSE,TRUE,FALSE,TRUE,TRUE,TRUE,FALSE,TRUE,TRUE,TRUE,FALSE,FALSE
﻿1666877,Walls,Generic - 150mm,L1,Pass,,DR-96,0,,,"Blockwork,150mm thick",166.29318569551862,-261.33850784732738,0.0,90,,93.839393100096373,,,DR-95,,260.13257879561502,-261.33850784732738,0.0,,703.00044825072246,,G-04,50.538272274052197,150,FALSE,TRUE,FALSE,TRUE,TRUE,TRUE,FALSE,TRUE,TRUE,TRUE,FALSE,FALSE
