﻿ElementId,Category,ApprovedLabel,MissingList
﻿1664302,Cable Trays,Pass,
﻿1664315,Cable Trays,Pass,
﻿1664326,Cable Trays,Pass,
﻿1664337,Cable Trays,Pass,
﻿1664348,Cable Trays,Pass,
﻿1666346,Cable Trays,Pass,
﻿1666347,Cable Trays,Pass,
﻿1666348,Cable Trays,Pass,
﻿1666349,Cable Trays,Pass,
﻿1666350,Cable Trays,Pass,
﻿1666427,Cable Trays,Pass,
﻿1666428,Cable Trays,Pass,
﻿1666429,Cable Trays,Pass,
﻿1666430,Cable Trays,Pass,
﻿1666431,Cable Trays,Pass,
﻿1666513,Cable Trays,Pass,
﻿1666514,Cable Trays,Pass,
﻿1666515,Cable Trays,Pass,
﻿1666516,Cable Trays,Pass,
﻿1666517,Cable Trays,Pass,
﻿1666599,Cable Trays,Pass,
﻿1666600,Cable Trays,Pass,
﻿1666601,Cable Trays,Pass,
﻿1666602,Cable Trays,Pass,
﻿1666603,Cable Trays,Pass,
﻿1666661,Cable Trays,Pass,
﻿1666689,Cable Trays,Pass,
﻿1666715,Cable Trays,Pass,
﻿1666782,Cable Trays,Pass,
﻿1666783,Cable Trays,Pass,
﻿1666784,Cable Trays,Pass,
﻿1666785,Cable Trays,Pass,
﻿1666786,Cable Trays,Pass,
﻿1666801,Cable Trays,Pass,
﻿1666809,Cable Trays,Pass,
﻿1666845,Cable Trays,Pass,
﻿1666846,Cable Trays,Pass,
﻿1666847,Cable Trays,Pass,
﻿1666848,Cable Trays,Pass,
﻿1666849,Cable Trays,Pass,
﻿1666898,Cable Trays,Pass,
﻿1666899,Cable Trays,Pass,
﻿1666900,Cable Trays,Pass,
﻿1666901,Cable Trays,Pass,
﻿1666902,Cable Trays,Pass,
﻿1667060,Cable Trays,Pass,
﻿1667097,Cable Trays,Pass,
﻿1667119,Cable Trays,Pass,
﻿1667143,Cable Trays,Pass,
﻿1663952,Ducts,Pass,
﻿1663980,Ducts,Pass,
﻿1664007,Ducts,Pass,
﻿1666323,Ducts,Pass,
﻿1666324,Ducts,Pass,
﻿1666325,Ducts,Pass,
﻿1666407,Ducts,Pass,
﻿1666408,Ducts,Pass,
﻿1666409,Ducts,Pass,
﻿1666493,Ducts,Pass,
﻿1666494,Ducts,Pass,
﻿1666495,Ducts,Pass,
﻿1666579,Ducts,Pass,
﻿1666580,Ducts,Pass,
﻿1666581,Ducts,Pass,
﻿1666658,Ducts,Pass,
﻿1666686,Ducts,Pass,
﻿1666712,Ducts,Pass,
﻿1666759,Ducts,Pass,
﻿1666760,Ducts,Pass,
﻿1666761,Ducts,Pass,
﻿1666798,Ducts,Pass,
﻿1666806,Ducts,Pass,
﻿1666825,Ducts,Pass,
﻿1666826,Ducts,Pass,
﻿1666827,Ducts,Pass,
﻿1666878,Ducts,Pass,
﻿1666879,Ducts,Pass,
﻿1666880,Ducts,Pass,
﻿1666987,Ducts,Pass,
﻿1667026,Ducts,Pass,
﻿1663903,Floors,Pass,
﻿1664032,Floors,Pass,
﻿1666313,Floors,Pass,
﻿1666328,Floors,Pass,
﻿1666397,Floors,Pass,
﻿1666412,Floors,Pass,
﻿1666483,Floors,Pass,
﻿1666498,Floors,Pass,
﻿1666569,Floors,Pass,
﻿1666584,Floors,Pass,
﻿1666749,Floors,Pass,
﻿1666764,Floors,Pass,
﻿1666815,Floors,Pass,
﻿1666830,Floors,Pass,
﻿1666868,Floors,Pass,
﻿1666883,Floors,Pass,
﻿1664105,Pipes,Pass,
﻿1664123,Pipes,Pass,
﻿1664143,Pipes,Pass,
﻿1664157,Pipes,Pass,
﻿1664173,Pipes,Pass,
﻿1666336,Pipes,Pass,
﻿1666338,Pipes,Pass,
﻿1666340,Pipes,Pass,
﻿1666342,Pipes,Pass,
﻿1666344,Pipes,Pass,
﻿1666417,Pipes,Pass,
﻿1666419,Pipes,Pass,
﻿1666421,Pipes,Pass,
﻿1666423,Pipes,Pass,
﻿1666425,Pipes,Pass,
﻿1666503,Pipes,Pass,
﻿1666505,Pipes,Pass,
﻿1666507,Pipes,Pass,
﻿1666509,Pipes,Pass,
﻿1666511,Pipes,Pass,
﻿1666589,Pipes,Pass,
﻿1666591,Pipes,Pass,
﻿1666593,Pipes,Pass,
﻿1666595,Pipes,Pass,
﻿1666597,Pipes,Pass,
﻿1666659,Pipes,Pass,
﻿1666687,Pipes,Pass,
﻿1666713,Pipes,Pass,
﻿1666772,Pipes,Pass,
﻿1666774,Pipes,Pass,
﻿1666776,Pipes,Pass,
﻿1666778,Pipes,Pass,
﻿1666780,Pipes,Pass,
﻿1666799,Pipes,Pass,
﻿1666807,Pipes,Pass,
﻿1666835,Pipes,Pass,
﻿1666837,Pipes,Pass,
﻿1666839,Pipes,Pass,
﻿1666841,Pipes,Pass,
﻿1666843,Pipes,Pass,
﻿1666888,Pipes,Pass,
﻿1666890,Pipes,Pass,
﻿1666892,Pipes,Pass,
﻿1666894,Pipes,Pass,
﻿1666896,Pipes,Pass,
﻿1667162,Pipes,Pass,
﻿1667184,Pipes,Pass,
﻿1663926,Walls,Pass,
﻿1663930,Walls,Pass,
﻿1663934,Walls,Pass,
﻿1663938,Walls,Pass,
﻿1666319,Walls,Pass,
﻿1666320,Walls,Pass,
﻿1666321,Walls,Pass,
﻿1666322,Walls,Pass,
﻿1666403,Walls,Pass,
﻿1666404,Walls,Pass,
﻿1666405,Walls,Pass,
﻿1666406,Walls,Pass,
﻿1666489,Walls,Pass,
﻿1666490,Walls,Pass,
﻿1666491,Walls,Pass,
﻿1666492,Walls,Pass,
﻿1666575,Walls,Pass,
﻿1666576,Walls,Pass,
﻿1666577,Walls,Pass,
﻿1666578,Walls,Pass,
﻿1666657,Walls,Pass,
﻿1666685,Walls,Pass,
﻿1666711,Walls,Pass,
﻿1666755,Walls,Pass,
﻿1666756,Walls,Pass,
﻿1666757,Walls,Pass,
﻿1666758,Walls,Pass,
﻿1666797,Walls,Pass,
﻿1666805,Walls,Pass,
﻿1666821,Walls,Pass,
﻿1666822,Walls,Pass,
﻿1666823,Walls,Pass,
﻿1666824,Walls,Pass,
﻿1666874,Walls,Pass,
﻿1666875,Walls,Pass,
﻿1666876,Walls,Pass,
﻿1666877,Walls,Pass,
